/*
 Navicat Premium Data Transfer

 Source Server         : johan local
 Source Server Type    : MySQL
 Source Server Version : 100427
 Source Host           : localhost:3306
 Source Schema         : peresean

 Target Server Type    : MySQL
 Target Server Version : 100427
 File Encoding         : 65001

 Date: 08/06/2023 14:48:13
*/

SET NAMES utf8mb4;
SET FOREIGN_KEY_CHECKS = 0;

-- ----------------------------
-- Table structure for tbl_berita
-- ----------------------------
DROP TABLE IF EXISTS `tbl_berita`;
CREATE TABLE `tbl_berita`  (
  `id_berita` int(10) NOT NULL AUTO_INCREMENT,
  `nama_kegiatan` text CHARACTER SET utf8mb4 COLLATE utf8mb4_general_ci NULL,
  `tempat_kegiatan` text CHARACTER SET utf8mb4 COLLATE utf8mb4_general_ci NULL,
  `tgl_kegiatan` datetime(0) NULL DEFAULT NULL,
  `poin_kegiatan` text CHARACTER SET utf8mb4 COLLATE utf8mb4_general_ci NULL,
  `peserta` text CHARACTER SET utf8mb4 COLLATE utf8mb4_general_ci NULL,
  `tgl_input` datetime(0) NULL DEFAULT NULL,
  `tgl_update` datetime(0) NULL DEFAULT NULL,
  `status` enum('belum_diproses','sedang_diproses','perbaikan','draft_sedang_dibuat','menunggu_koreksi','selesai') CHARACTER SET utf8mb4 COLLATE utf8mb4_general_ci NULL DEFAULT NULL,
  `pesan_humas` text CHARACTER SET utf8mb4 COLLATE utf8mb4_general_ci NULL,
  `lamp_foto1` text CHARACTER SET utf8mb4 COLLATE utf8mb4_general_ci NULL,
  `lamp_foto2` text CHARACTER SET utf8mb4 COLLATE utf8mb4_general_ci NULL,
  `lamp_foto3` text CHARACTER SET utf8mb4 COLLATE utf8mb4_general_ci NULL,
  `lamp_foto4` text CHARACTER SET utf8mb4 COLLATE utf8mb4_general_ci NULL,
  `lamp_foto5` text CHARACTER SET utf8mb4 COLLATE utf8mb4_general_ci NULL,
  `lamp_foto6` text CHARACTER SET utf8mb4 COLLATE utf8mb4_general_ci NULL,
  `lamp_surat_undangan` text CHARACTER SET utf8mb4 COLLATE utf8mb4_general_ci NULL,
  `lamp_draft` text CHARACTER SET utf8mb4 COLLATE utf8mb4_general_ci NULL,
  `lamp_paparan` text CHARACTER SET utf8mb4 COLLATE utf8mb4_general_ci NULL,
  `lamp_lain` text CHARACTER SET utf8mb4 COLLATE utf8mb4_general_ci NULL,
  `id_user` int(10) NOT NULL,
  `jenis_dokumen` varchar(255) CHARACTER SET utf8mb4 COLLATE utf8mb4_general_ci NULL DEFAULT NULL,
  `zona_dokumen` varchar(255) CHARACTER SET utf8mb4 COLLATE utf8mb4_general_ci NULL DEFAULT NULL,
  `id_draft` int(10) NOT NULL,
  PRIMARY KEY (`id_berita`) USING BTREE,
  INDEX `FOREIGN`(`id_user`) USING BTREE,
  CONSTRAINT `tbl_berita_ibfk_1` FOREIGN KEY (`id_user`) REFERENCES `tbl_user` (`id_user`) ON DELETE RESTRICT ON UPDATE CASCADE
) ENGINE = InnoDB AUTO_INCREMENT = 85 CHARACTER SET = utf8mb4 COLLATE = utf8mb4_general_ci ROW_FORMAT = Dynamic;

-- ----------------------------
-- Records of tbl_berita
-- ----------------------------
INSERT INTO `tbl_berita` VALUES (7, 'ee', 'sd', '2023-05-01 00:00:00', 'ada', 'ad', '2023-05-08 11:25:22', NULL, '', NULL, 'file/bahan_berita/contoh_file.png', 'file/bahan_berita/foto_1.png', '', '', '', '', '', '', '', '', 2, NULL, NULL, 0);
INSERT INTO `tbl_berita` VALUES (8, 'testerz', 'testerz', '2023-05-09 00:00:00', 'testerz', 'testerz', '2023-05-09 15:59:21', NULL, '', NULL, 'file/bahan_berita/KANWIL_TAMPAK_DEPAN.jpeg', 'file/bahan_berita/WhatsApp_Image_2023-05-05_at_19.07.41.jpeg', '', '', '', '', 'file/bahan_berita/KaPusdatin_Ka_Pusdatin_Sosialisasi_Renaksi_Evaluasi_SPBE_Kanwil_UPT_-_2303145.pdf', '', '', '', 1, NULL, NULL, 0);
INSERT INTO `tbl_berita` VALUES (10, 'raperkada KLU', NULL, NULL, NULL, NULL, NULL, NULL, 'menunggu_koreksi', NULL, NULL, NULL, NULL, NULL, NULL, NULL, 'file/bahan_berita/BUKU_SAKU_(1).pdf', NULL, NULL, NULL, 1, 'raperkada', 'pemkab_lombok_utara', 0);
INSERT INTO `tbl_berita` VALUES (13, 'Informasi Raperda Mtrs', NULL, NULL, NULL, NULL, NULL, NULL, 'belum_diproses', NULL, NULL, NULL, NULL, NULL, NULL, NULL, 'file/bahan_berita/Pekerjaan_PEMASANGAN_ACCESS_POINT.pdf', NULL, NULL, NULL, 1, 'raperkada', 'pemkot_mataram', 0);
INSERT INTO `tbl_berita` VALUES (14, 'Perda SB', NULL, NULL, NULL, NULL, NULL, NULL, 'belum_diproses', NULL, NULL, NULL, NULL, NULL, NULL, NULL, 'file/bahan_berita/UM.66_Evaluasi_dan_Silaturahmi_dengan_Kepala_Divisi_Pemasyarakatan_dan_Kepala_UPT_Se-Nusantara.pdf', NULL, NULL, NULL, 1, 'raperda', 'pemkab_sumbawa_barat', 0);
INSERT INTO `tbl_berita` VALUES (17, 'ashaskaks', NULL, NULL, NULL, NULL, NULL, NULL, 'draft_sedang_dibuat', NULL, NULL, NULL, NULL, NULL, NULL, NULL, 'file/bahan_berita/8_Tahun_2021-compressed_(1).pdf', NULL, NULL, NULL, 1, 'raperkada', 'pemprov_ntb', 0);
INSERT INTO `tbl_berita` VALUES (18, 'Pemkot Bima7', NULL, NULL, NULL, NULL, NULL, NULL, 'belum_diproses', NULL, NULL, NULL, NULL, NULL, NULL, NULL, 'file/bahan_berita/SK_PENGELOLA_SIMAK_BMN_DAN_SAIBA_SERTA_PERSEDIAAN.pdf', NULL, NULL, NULL, 1, 'raperda', 'pemkot_bima', 0);
INSERT INTO `tbl_berita` VALUES (19, 'Pemkot Bima6', NULL, NULL, NULL, NULL, NULL, NULL, 'draft_sedang_dibuat', NULL, NULL, NULL, NULL, NULL, NULL, NULL, 'file/bahan_berita/Jumlah_Outlet_LAN_Gedung_Baru_Kanwil_NTB.xlsx', NULL, NULL, NULL, 1, 'raperda', 'pemkot_bima', 0);
INSERT INTO `tbl_berita` VALUES (20, 'Pemkot Bima5', NULL, NULL, NULL, NULL, NULL, NULL, 'draft_sedang_dibuat', NULL, NULL, NULL, NULL, NULL, NULL, NULL, 'file/bahan_berita/Jumlah_Outlet_LAN_Gedung_Baru_Kanwil_NTB.xlsx', NULL, NULL, NULL, 1, 'raperda', 'pemkot_bima', 0);
INSERT INTO `tbl_berita` VALUES (21, 'Pemkot Bima4', NULL, NULL, NULL, NULL, NULL, NULL, 'menunggu_koreksi', NULL, NULL, NULL, NULL, NULL, NULL, NULL, 'file/bahan_berita/Jumlah_Outlet_LAN_Gedung_Baru_Kanwil_NTB.xlsx', NULL, NULL, NULL, 1, 'raperda', 'pemkot_bima', 0);
INSERT INTO `tbl_berita` VALUES (22, 'Pemkot Bima3', NULL, NULL, NULL, NULL, NULL, NULL, 'selesai', NULL, NULL, NULL, NULL, NULL, NULL, NULL, 'file/bahan_berita/Jumlah_Outlet_LAN_Gedung_Baru_Kanwil_NTB.xlsx', NULL, NULL, NULL, 1, 'raperda', 'pemkot_bima', 0);
INSERT INTO `tbl_berita` VALUES (23, 'Pemkot Bima2', NULL, NULL, NULL, NULL, NULL, NULL, 'draft_sedang_dibuat', NULL, NULL, NULL, NULL, NULL, NULL, NULL, 'file/bahan_berita/Jumlah_Outlet_LAN_Gedung_Baru_Kanwil_NTB.xlsx', NULL, NULL, NULL, 1, 'raperda', 'pemkot_bima', 0);
INSERT INTO `tbl_berita` VALUES (26, 'Pemkot Bima A', NULL, NULL, NULL, NULL, NULL, NULL, 'selesai', NULL, NULL, NULL, NULL, NULL, NULL, NULL, 'file/bahan_berita/amertas_(1)1.sql', NULL, NULL, NULL, 1, 'raperda', 'pemkot_bima', 0);
INSERT INTO `tbl_berita` VALUES (27, 'Pemkot NTB Syariah', NULL, NULL, NULL, NULL, NULL, NULL, 'draft_sedang_dibuat', NULL, NULL, NULL, NULL, NULL, NULL, NULL, 'file/bahan_berita/amertas_(1)_(1).sql', NULL, NULL, NULL, 1, 'raperda', 'pemprov_ntb', 0);
INSERT INTO `tbl_berita` VALUES (28, 'Pemkot Pesisir Mataram', NULL, NULL, NULL, NULL, NULL, NULL, 'belum_diproses', NULL, NULL, NULL, NULL, NULL, NULL, NULL, 'file/bahan_berita/4302-Full_Text_(1)11.pdf', NULL, NULL, NULL, 1, 'raperkada', 'pemkot_mataram', 0);
INSERT INTO `tbl_berita` VALUES (29, 'Lombok Utarazz', NULL, NULL, NULL, NULL, NULL, NULL, 'selesai', NULL, NULL, NULL, NULL, NULL, NULL, NULL, 'file/bahan_berita/Pekerjaan_PEMASANGAN_ACCESS_POINT_(1).pdf', NULL, NULL, NULL, 1, 'raperda', 'pemkab_lombok_utara', 0);
INSERT INTO `tbl_berita` VALUES (31, 'Lombok timur', NULL, NULL, NULL, NULL, NULL, NULL, 'draft_sedang_dibuat', NULL, NULL, NULL, NULL, NULL, NULL, NULL, 'file/bahan_berita/KANWIL_TAMPAK_DEPAN_cerah.jpg', NULL, NULL, NULL, 1, 'raperkada', 'pemkab_lombok_timur', 0);
INSERT INTO `tbl_berita` VALUES (32, 'Raperda Lombok Timurx', NULL, NULL, NULL, NULL, NULL, NULL, 'selesai', NULL, NULL, NULL, NULL, NULL, NULL, NULL, 'file/bahan_berita/WhatsApp_Image_2023-05-23_at_12.46.09.jpeg', NULL, NULL, NULL, 1, 'raperda', 'pemkab_lombok_timur', 0);
INSERT INTO `tbl_berita` VALUES (34, 'PEMERINTAH KABUPATEN Bima', NULL, NULL, NULL, NULL, NULL, NULL, 'selesai', NULL, NULL, NULL, NULL, NULL, NULL, NULL, 'file/bahan_berita/WhatsApp_Image_2023-05-05_at_22.42.35.jpeg', NULL, NULL, NULL, 1, 'raperda', 'pemkab_bima', 0);
INSERT INTO `tbl_berita` VALUES (35, 'ts lobar', NULL, NULL, NULL, NULL, NULL, NULL, 'draft_sedang_dibuat', NULL, NULL, NULL, NULL, NULL, NULL, NULL, 'file/bahan_berita/KANWIL_TAMPAK_DEPAN_cerah1_(1).jpg', NULL, NULL, NULL, 1, 'raperda', 'pemkab_lombok_barat', 0);
INSERT INTO `tbl_berita` VALUES (36, 'RAPERDA Lombok Tengah', NULL, NULL, NULL, NULL, NULL, NULL, 'selesai', NULL, NULL, NULL, NULL, NULL, NULL, NULL, 'file/bahan_berita/BUKU_SAKU_(1)1.pdf', NULL, NULL, NULL, 1, 'raperda', 'pemkab_lombok_tengah', 0);
INSERT INTO `tbl_berita` VALUES (40, 'Pemkots Mataram', NULL, NULL, NULL, NULL, NULL, NULL, 'menunggu_koreksi', NULL, NULL, NULL, NULL, NULL, NULL, NULL, 'file/bahan_berita/UM.66_Evaluasi_dan_Silaturahmi_dengan_Kepala_Divisi_Pemasyarakatan_dan_Kepala_UPT_Se-Nusantara2.pdf', NULL, NULL, NULL, 1, 'raperda', 'pemkot_mataram', 0);
INSERT INTO `tbl_berita` VALUES (41, 'Pemkot Mataram Raperkadaz', NULL, NULL, NULL, NULL, NULL, NULL, 'draft_sedang_dibuat', NULL, NULL, NULL, NULL, NULL, NULL, NULL, 'file/bahan_berita/amertas_(1)2.sql', NULL, NULL, NULL, 1, 'raperkada', 'pemkot_mataram', 0);
INSERT INTO `tbl_berita` VALUES (44, 'Raperda KAB Dompu III', NULL, NULL, NULL, NULL, NULL, NULL, 'belum_diproses', NULL, NULL, NULL, NULL, NULL, NULL, NULL, 'file/bahan_berita/UM.66_Evaluasi_dan_Silaturahmi_dengan_Kepala_Divisi_Pemasyarakatan_dan_Kepala_UPT_Se-Nusantara11.pdf', NULL, NULL, NULL, 1, 'raperkada', 'pemkab_dompu', 0);
INSERT INTO `tbl_berita` VALUES (47, 'Pemprov NTBzz', NULL, NULL, NULL, NULL, NULL, NULL, 'selesai', NULL, NULL, NULL, NULL, NULL, NULL, NULL, 'file/bahan_berita/Nodin_Evaluasi_Nilai_Indeks_Profesionalitas_Aparatur_Sipil_Negara_2023.pdf', NULL, NULL, NULL, 1, 'raperkada', 'pemprov_ntb', 0);
INSERT INTO `tbl_berita` VALUES (48, 'Pemkab Sumbawa Barat2', NULL, NULL, NULL, NULL, NULL, NULL, 'draft_sedang_dibuat', NULL, NULL, NULL, NULL, NULL, NULL, NULL, 'file/bahan_berita/ADITYA_NUGROHO_(09503244013)5.pdf', NULL, NULL, NULL, 1, 'raperda', 'pemkab_sumbawa_barat', 0);
INSERT INTO `tbl_berita` VALUES (49, 'Pemkab Sumbawa Barat1', NULL, NULL, NULL, NULL, NULL, NULL, 'menunggu_koreksi', NULL, NULL, NULL, NULL, NULL, NULL, NULL, 'file/bahan_berita/4302-Full_Text_(1)111.pdf', NULL, NULL, NULL, 1, 'raperda', 'pemkab_sumbawa_barat', 0);
INSERT INTO `tbl_berita` VALUES (50, 'Raperda A Mataram', NULL, NULL, NULL, NULL, NULL, NULL, 'selesai', NULL, NULL, NULL, NULL, NULL, NULL, NULL, 'file/bahan_berita/amertas_(1)3.sql', NULL, NULL, NULL, 1, 'raperda', 'pemkot_mataram', 0);
INSERT INTO `tbl_berita` VALUES (52, 'Raperda LOMBOK TENGAH', NULL, NULL, NULL, NULL, NULL, NULL, 'menunggu_koreksi', NULL, NULL, NULL, NULL, NULL, NULL, NULL, 'file/bahan_berita/1._Permenkumham_ttg_orta.pdf', NULL, NULL, NULL, 1, 'raperda', 'pemkab_lombok_tengah', 0);
INSERT INTO `tbl_berita` VALUES (53, 'Raperda LOMBOK BARATZ', NULL, NULL, NULL, NULL, NULL, NULL, 'selesai', NULL, NULL, NULL, NULL, NULL, NULL, NULL, 'file/bahan_berita/UM.66_Evaluasi_dan_Silaturahmi_dengan_Kepala_Divisi_Pemasyarakatan_dan_Kepala_UPT_Se-Nusantara1.pdf', NULL, NULL, NULL, 1, 'raperda', 'pemkab_lombok_barat', 0);
INSERT INTO `tbl_berita` VALUES (54, 'PEMKAB BIMA RAPERKADA XX', NULL, NULL, NULL, NULL, NULL, NULL, 'menunggu_koreksi', NULL, NULL, NULL, NULL, NULL, NULL, NULL, 'file/bahan_berita/8_Tahun_2021-compressed.pdf', NULL, NULL, NULL, 1, 'raperda', 'pemkab_bima', 0);
INSERT INTO `tbl_berita` VALUES (55, 'PEMKAB SUMBAWA SAJAS', NULL, NULL, NULL, NULL, NULL, NULL, 'draft_sedang_dibuat', NULL, NULL, NULL, NULL, NULL, NULL, NULL, 'file/bahan_berita/4302-Full_Text_(1)122.pdf', NULL, NULL, NULL, 1, 'raperda', 'pemkab_sumbawa', 0);
INSERT INTO `tbl_berita` VALUES (57, 'gaskeun', NULL, NULL, NULL, NULL, NULL, NULL, 'menunggu_koreksi', NULL, NULL, NULL, NULL, NULL, NULL, NULL, 'file/bahan_berita/UM.66_Evaluasi_dan_Silaturahmi_dengan_Kepala_Divisi_Pemasyarakatan_dan_Kepala_UPT_Se-Nusantara.pdf', NULL, NULL, NULL, 1, 'raperkada', 'pemprov_ntb', 0);
INSERT INTO `tbl_berita` VALUES (58, 'Pemprovin NTB', NULL, NULL, NULL, NULL, NULL, NULL, 'belum_diproses', NULL, NULL, NULL, NULL, NULL, NULL, NULL, 'file/bahan_berita/amertas_(1).sql', NULL, NULL, NULL, 1, 'raperda', 'pemprov_ntb', 0);
INSERT INTO `tbl_berita` VALUES (59, 'Pemkabz Sumbawez Saja', NULL, NULL, NULL, NULL, NULL, NULL, 'menunggu_koreksi', NULL, NULL, NULL, NULL, NULL, NULL, NULL, 'file/bahan_berita/Pekerjaan_PEMASANGAN_ACCESS_POINT.pdf', NULL, NULL, NULL, 1, 'raperda', 'pemkab_sumbawa', 0);
INSERT INTO `tbl_berita` VALUES (60, 'Raperd KABUPATEN Dompu II', NULL, NULL, NULL, NULL, NULL, NULL, 'menunggu_koreksi', NULL, NULL, NULL, NULL, NULL, NULL, NULL, 'file/bahan_berita/KANWIL_TAMPAK_DEPAN_cerah_(1).jpg', NULL, NULL, NULL, 1, 'raperkada', 'pemkab_dompu', 0);
INSERT INTO `tbl_berita` VALUES (62, 'raperda ntba', NULL, NULL, NULL, NULL, NULL, NULL, 'menunggu_koreksi', NULL, NULL, NULL, NULL, NULL, NULL, NULL, 'file/bahan_berita/SK_PENGELOLA_SIMAK_BMN_DAN_SAIBA_SERTA_PERSEDIAAN1.pdf', NULL, NULL, NULL, 1, 'raperda', 'pemprov_ntb', 0);
INSERT INTO `tbl_berita` VALUES (63, 'johan', NULL, NULL, NULL, NULL, NULL, NULL, 'belum_diproses', NULL, NULL, NULL, NULL, NULL, NULL, NULL, 'file/bahan_berita/202305270913448391.pdf', NULL, NULL, NULL, 1, 'raperda', 'pemkot_mataram', 0);
INSERT INTO `tbl_berita` VALUES (64, 'johanss', NULL, NULL, NULL, NULL, NULL, NULL, 'selesai', NULL, NULL, NULL, NULL, NULL, NULL, NULL, 'file/bahan_berita/2023052709134483911.pdf', NULL, NULL, NULL, 1, 'raperda', 'pemkot_mataram', 0);
INSERT INTO `tbl_berita` VALUES (71, 'tester baru lagi dan lagi', NULL, '2023-06-05 11:49:31', NULL, NULL, '2023-06-05 11:49:31', '2023-06-06 09:19:37', 'selesai', NULL, NULL, NULL, NULL, NULL, NULL, NULL, 'file/bahan_draft_raperda/1._Permenkumham_ttg_orta.pdf', NULL, NULL, NULL, 1, 'raperda', 'pemprov ntb', 88);
INSERT INTO `tbl_berita` VALUES (72, 'tester baru lagi', NULL, '2023-06-05 13:54:03', NULL, NULL, '2023-06-05 13:54:03', NULL, 'sedang_diproses', NULL, NULL, NULL, NULL, NULL, NULL, NULL, NULL, NULL, NULL, NULL, 1, 'raperda', 'pemprov ntb', 87);
INSERT INTO `tbl_berita` VALUES (73, 'tester barusan', NULL, '2023-06-05 13:55:13', NULL, NULL, '2023-06-05 13:55:13', '2023-06-06 16:17:26', 'belum_diproses', NULL, NULL, NULL, NULL, NULL, NULL, NULL, NULL, NULL, NULL, NULL, 1, 'raperkada', 'pemprov ntb', 86);
INSERT INTO `tbl_berita` VALUES (74, 'coba input lagi', NULL, '2023-06-06 09:42:41', NULL, NULL, '2023-06-06 09:42:41', '2023-06-06 10:00:07', 'selesai', NULL, NULL, NULL, NULL, NULL, NULL, NULL, 'file/bahan_draft_raperda/2._SOP_TUSI_KEUANGAN.pdf', NULL, NULL, NULL, 1, 'raperda', 'pemprov ntb', 89);
INSERT INTO `tbl_berita` VALUES (75, 'pemprov ntb raperda', NULL, '2023-06-06 10:03:16', NULL, NULL, '2023-06-06 10:03:16', '2023-06-06 10:04:07', 'selesai', NULL, NULL, NULL, NULL, NULL, NULL, NULL, 'file/bahan_draft_raperda/2._Salinan-Per.BKN-No.1-Th.2021-1.pdf', NULL, NULL, NULL, 1, 'raperda', 'pemprov ntb', 90);
INSERT INTO `tbl_berita` VALUES (76, 'Kabupaten Sumbawa', NULL, '2023-06-06 14:08:29', NULL, NULL, '2023-06-06 14:08:29', '2023-06-06 14:08:53', 'sedang_diproses', NULL, NULL, NULL, NULL, NULL, NULL, NULL, NULL, NULL, NULL, NULL, 1, 'raperkada', 'pemkab sumbawa barat', 95);
INSERT INTO `tbl_berita` VALUES (77, 'tambah prov ntbsss', NULL, '2023-06-06 16:17:13', NULL, NULL, '2023-06-06 16:17:13', '2023-06-07 09:47:14', 'belum_diproses', NULL, NULL, NULL, NULL, NULL, NULL, NULL, NULL, NULL, NULL, NULL, 1, 'raperda', 'ntb ', 96);
INSERT INTO `tbl_berita` VALUES (78, 'kota matarammmm', NULL, '2023-06-06 16:22:28', NULL, NULL, '2023-06-06 16:22:28', NULL, 'belum_diproses', NULL, NULL, NULL, NULL, NULL, NULL, NULL, NULL, NULL, NULL, NULL, 1, 'raperda', 'mataram ', 100);
INSERT INTO `tbl_berita` VALUES (79, 'tambah prov ntbsss', NULL, '2023-06-07 09:25:05', NULL, NULL, '2023-06-07 09:25:05', '2023-06-07 09:47:14', 'belum_diproses', NULL, NULL, NULL, NULL, NULL, NULL, NULL, NULL, NULL, NULL, NULL, 1, 'raperda', 'pemprov ntb', 96);
INSERT INTO `tbl_berita` VALUES (80, 'tambah prov ntbsss', NULL, '2023-06-07 09:26:50', NULL, NULL, '2023-06-07 09:26:50', '2023-06-07 09:47:14', 'belum_diproses', NULL, NULL, NULL, NULL, NULL, NULL, NULL, NULL, NULL, NULL, NULL, 1, 'raperda', 'pemprov ntb', 96);
INSERT INTO `tbl_berita` VALUES (81, 'tambah prov ntbsss', NULL, '2023-06-07 09:45:30', NULL, NULL, '2023-06-07 09:45:30', '2023-06-07 09:47:14', 'belum_diproses', NULL, NULL, NULL, NULL, NULL, NULL, NULL, NULL, NULL, NULL, NULL, 1, 'raperda', 'pemprov ntb', 96);
INSERT INTO `tbl_berita` VALUES (82, 'coba input lagitttt', NULL, '2023-06-07 10:01:57', NULL, NULL, '2023-06-07 10:01:57', '2023-06-07 12:02:12', 'belum_diproses', NULL, NULL, NULL, NULL, NULL, NULL, NULL, NULL, NULL, NULL, NULL, 1, 'raperda', 'bima ', 91);
INSERT INTO `tbl_berita` VALUES (83, 'tes k', NULL, NULL, NULL, NULL, NULL, NULL, 'selesai', NULL, NULL, NULL, NULL, NULL, NULL, NULL, 'file/bahan_berita/1._Permenkumham_terkait_Renstra.pdf', NULL, NULL, NULL, 1, 'raperkada', 'pemprov_ntb', 0);
INSERT INTO `tbl_berita` VALUES (84, 'Tambah Raperkada PEMKAB SUMBAWA', NULL, '2023-06-08 14:27:54', NULL, NULL, '2023-06-08 14:27:54', '2023-06-08 14:30:35', 'selesai', NULL, NULL, NULL, NULL, NULL, NULL, NULL, 'file/bahan_draft_raperda/kode_etik_terkait_pengelolaan_keuangan.pdf', NULL, NULL, NULL, 14, 'raperda', 'pemkab sumbawa', 102);

-- ----------------------------
-- Table structure for tbl_draft
-- ----------------------------
DROP TABLE IF EXISTS `tbl_draft`;
CREATE TABLE `tbl_draft`  (
  `id_draft_permohonan` int(10) NOT NULL AUTO_INCREMENT,
  `nama_draft_permohonan` text CHARACTER SET utf8mb4 COLLATE utf8mb4_general_ci NULL,
  `tgl_input` datetime(0) NULL DEFAULT NULL,
  `status` enum('belum_diproses','perbaikan','sedang_diproses','draft_sedang_dibuat','menunggu_koreksi','selesai') CHARACTER SET utf8mb4 COLLATE utf8mb4_general_ci NULL DEFAULT NULL,
  `lamp_surat_permohonan` text CHARACTER SET utf8mb4 COLLATE utf8mb4_general_ci NULL,
  `url_data_dukung` text CHARACTER SET utf8mb4 COLLATE utf8mb4_general_ci NOT NULL,
  `id_user` int(10) NOT NULL,
  `jenis_dokumen` varchar(255) CHARACTER SET utf8mb4 COLLATE utf8mb4_general_ci NULL DEFAULT NULL,
  `zona_dokumen` varchar(255) CHARACTER SET utf8mb4 COLLATE utf8mb4_general_ci NULL DEFAULT NULL,
  `tgl_update` datetime(0) NULL DEFAULT NULL,
  `id_perancang` int(10) NOT NULL,
  `nama_perancang` text CHARACTER SET utf8mb4 COLLATE utf8mb4_general_ci NULL,
  PRIMARY KEY (`id_draft_permohonan`) USING BTREE,
  INDEX `id_user`(`id_user`) USING BTREE
) ENGINE = InnoDB AUTO_INCREMENT = 103 CHARACTER SET = utf8mb4 COLLATE = utf8mb4_general_ci ROW_FORMAT = Dynamic;

-- ----------------------------
-- Records of tbl_draft
-- ----------------------------
INSERT INTO `tbl_draft` VALUES (86, 'tester barusansss', '2023-06-04 17:53:03', 'belum_diproses', 'file/bahan_draft_raperda/2_Juknis-SAIBA-versi-19.0.0.pdf', '[\"file\\/bahan_draft_raperda\\/1._PERATURAN_MENTERI_KEUANGAN_REPUBLIK_INDONESIA.pdf\",\"file\\/bahan_draft_raperda\\/1._Permenkumham_Ttg_41_Tahun_20211.pdf\"]', 9, 'raperkada', 'pemprov_ntb', '2023-06-06 16:17:26', 10, 'Hermi');
INSERT INTO `tbl_draft` VALUES (87, 'tester baru lagi', '2023-06-04 17:53:03', 'sedang_diproses', 'file/bahan_draft_raperda/2_Juknis-SAIBA-versi-19.0.0.pdf', '[\"file\\/bahan_draft_raperda\\/1._PERATURAN_MENTERI_KEUANGAN_REPUBLIK_INDONESIA.pdf\",\"file\\/bahan_draft_raperda\\/1._Permenkumham_Ttg_41_Tahun_20211.pdf\"]', 9, 'raperda', 'pemprov_ntb', '2023-06-05 13:54:03', 10, 'Rio');
INSERT INTO `tbl_draft` VALUES (91, 'coba input lagi ajas', '2023-06-06 09:38:56', 'belum_diproses', 'file/bahan_draft_raperda/2_Juknis-SAIBA-versi-19.0.03.pdf', '[\"file\\/bahan_draft_raperda\\/1._Permenkumham_Ttg_41_Tahun_20213.pdf\",\"file\\/bahan_draft_raperda\\/1._PERMENKUMHAM_NO_5_TAHUN_2018_TENTANG_PENERAPAN_MANAJEMEN_RISIKO\\u00a0DI_LINGKUNGAN_KEMENTERIAN_HUKUM_DAN_HAK_ASASI_MANUSIA.pdf\"]', 12, 'raperda', 'pemkot_bima', '2023-06-07 12:02:12', 0, 'Muzayin');
INSERT INTO `tbl_draft` VALUES (95, 'Kabupaten Sumbawa', '2023-06-06 14:07:03', 'sedang_diproses', 'file/bahan_draft_raperda/1._Peraturan-Menteri-Keuangan-Nomor-52PMK0620162.pdf', '[\"file\\/bahan_draft_raperda\\/SOP_Kode_etik.pdf\",\"file\\/bahan_draft_raperda\\/1._Permenkumham_Nomor_65_Tahun_20162.pdf\"]', 14, 'raperkada', 'pemkab_sumbawa', '2023-06-06 14:08:53', 0, 'Apriadi');
INSERT INTO `tbl_draft` VALUES (96, 'tambah prov ntbsss', '2023-06-06 14:50:52', 'belum_diproses', 'file/bahan_draft_raperda/1._Permenkumham_ttg_orta2.pdf', '[\"file\\/bahan_draft_raperda\\/2._SOP_TUSI_KEUANGAN1.pdf\",\"file\\/bahan_draft_raperda\\/4._Kepmenkumham_Nomor_M.HH.01.TI.05.04_Tahun_2020.pdf\"]', 9, 'raperda', 'pemprov_ntb', '2023-06-07 09:47:14', 0, 'edi');
INSERT INTO `tbl_draft` VALUES (99, 'pemkba sumbawa barat', '2023-06-06 16:06:14', 'belum_diproses', 'file/bahan_draft_raperda/1._Permenkumham_Nomor_27_Tahun_20191.pdf', '[\"file\\/bahan_draft_raperda\\/1._Permenkumham_ttg_orta1.pdf\"]', 13, 'raperda', 'pemkab_sumbawa_barat', '2023-06-06 16:06:14', 0, NULL);
INSERT INTO `tbl_draft` VALUES (100, 'kota matarammmm', '2023-06-06 16:21:34', 'belum_diproses', 'file/bahan_draft_raperda/1._Permenkumham_Nomor_65_Tahun_20161.pdf', 'null', 11, 'raperda', 'pemkot_mataram', '2023-06-06 16:22:28', 0, NULL);
INSERT INTO `tbl_draft` VALUES (101, 'pemkot bimaz', '2023-06-07 10:47:08', 'belum_diproses', 'file/bahan_draft_raperda/2._Permenkumham_nomor_30_Tahun_2018_tentang_ORTA_Kanwil.pdf', '[\"file\\/bahan_draft_raperda\\/2._SOP_TUSI_KEUANGAN2.pdf\"]', 12, 'raperda', 'pemkot_bima', '2023-06-07 10:47:08', 0, NULL);
INSERT INTO `tbl_draft` VALUES (102, 'Tambah Raperkada PEMKAB SUMBAWA', '2023-06-08 14:25:19', 'selesai', 'file/bahan_draft_raperda/1._Permenkumham_Nomor_27_Tahun_2019.pdf', '[\"file\\/bahan_draft_raperda\\/50~PMK.05~2018Per.pdf\",\"file\\/bahan_draft_raperda\\/1._Permenkumham_ttg_orta3.pdf\",\"file\\/bahan_draft_raperda\\/2_Juknis-SAIBA-versi-19.0.04.pdf\"]', 14, 'raperda', 'pemkab_sumbawa', '2023-06-08 14:30:35', 0, 'Riki Perancang');

-- ----------------------------
-- Table structure for tbl_notif
-- ----------------------------
DROP TABLE IF EXISTS `tbl_notif`;
CREATE TABLE `tbl_notif`  (
  `id_notif` int(11) NOT NULL AUTO_INCREMENT,
  `pengirim` int(11) NULL DEFAULT NULL,
  `penerima` int(11) NULL DEFAULT NULL,
  `pesan` text CHARACTER SET utf8mb4 COLLATE utf8mb4_general_ci NULL,
  `link` text CHARACTER SET utf8mb4 COLLATE utf8mb4_general_ci NULL,
  `tgl_notif` datetime(0) NULL DEFAULT NULL,
  `baca_notif` text CHARACTER SET utf8mb4 COLLATE utf8mb4_general_ci NULL,
  `hapus_notif` text CHARACTER SET utf8mb4 COLLATE utf8mb4_general_ci NULL,
  `id_berita` int(11) NOT NULL,
  PRIMARY KEY (`id_notif`) USING BTREE,
  INDEX `FOREIGN`(`id_berita`) USING BTREE
) ENGINE = InnoDB AUTO_INCREMENT = 454 CHARACTER SET = utf8mb4 COLLATE = utf8mb4_general_ci ROW_FORMAT = Dynamic;

-- ----------------------------
-- Records of tbl_notif
-- ----------------------------
INSERT INTO `tbl_notif` VALUES (16, 2, 1, 'Mengirim bahan berita baru.', 'berita/v/d/p2', '2023-05-08 10:25:22', '1, ', NULL, 7);
INSERT INTO `tbl_notif` VALUES (17, 2, 2, 'Mengirim bahan berita baru.', 'berita/v/d/p2', '2023-05-08 10:25:22', '2, ', NULL, 7);
INSERT INTO `tbl_notif` VALUES (18, 2, 3, 'Mengirim bahan berita baru.', 'berita/v/d/p2', '2023-05-08 10:25:22', NULL, NULL, 7);
INSERT INTO `tbl_notif` VALUES (19, 2, 4, 'Mengirim bahan berita baru.', 'berita/v/d/p2', '2023-05-08 10:25:22', NULL, NULL, 7);
INSERT INTO `tbl_notif` VALUES (20, 2, 5, 'Mengirim bahan berita baru.', 'berita/v/d/p2', '2023-05-08 10:25:22', NULL, NULL, 7);
INSERT INTO `tbl_notif` VALUES (21, 2, 6, 'Mengirim bahan berita baru.', 'berita/v/d/p2', '2023-05-08 10:25:22', NULL, NULL, 7);
INSERT INTO `tbl_notif` VALUES (22, 1, 1, 'Mengirim bahan berita baru.', 'berita/v/d/q2', '2023-05-09 14:59:21', '1, ', NULL, 8);
INSERT INTO `tbl_notif` VALUES (23, 1, 2, 'Mengirim bahan berita baru.', 'berita/v/d/q2', '2023-05-09 14:59:21', NULL, NULL, 8);
INSERT INTO `tbl_notif` VALUES (24, 1, 3, 'Mengirim bahan berita baru.', 'berita/v/d/q2', '2023-05-09 14:59:21', NULL, NULL, 8);
INSERT INTO `tbl_notif` VALUES (25, 1, 4, 'Mengirim bahan berita baru.', 'berita/v/d/q2', '2023-05-09 14:59:21', NULL, NULL, 8);
INSERT INTO `tbl_notif` VALUES (26, 1, 5, 'Mengirim bahan berita baru.', 'berita/v/d/q2', '2023-05-09 14:59:21', NULL, NULL, 8);
INSERT INTO `tbl_notif` VALUES (27, 1, 6, 'Mengirim bahan berita baru.', 'berita/v/d/q2', '2023-05-09 14:59:21', NULL, NULL, 8);
INSERT INTO `tbl_notif` VALUES (28, 1, 1, 'Mengirim bahan berita baru.', 'berita/v/d/rE', '2023-05-09 15:38:26', '1, ', NULL, 9);
INSERT INTO `tbl_notif` VALUES (29, 1, 2, 'Mengirim bahan berita baru.', 'berita/v/d/rE', '2023-05-09 15:38:26', NULL, NULL, 9);
INSERT INTO `tbl_notif` VALUES (30, 1, 3, 'Mengirim bahan berita baru.', 'berita/v/d/rE', '2023-05-09 15:38:26', NULL, NULL, 9);
INSERT INTO `tbl_notif` VALUES (31, 1, 4, 'Mengirim bahan berita baru.', 'berita/v/d/rE', '2023-05-09 15:38:26', NULL, NULL, 9);
INSERT INTO `tbl_notif` VALUES (32, 1, 5, 'Mengirim bahan berita baru.', 'berita/v/d/rE', '2023-05-09 15:38:26', NULL, NULL, 9);
INSERT INTO `tbl_notif` VALUES (33, 1, 6, 'Mengirim bahan berita baru.', 'berita/v/d/rE', '2023-05-09 15:38:26', NULL, NULL, 9);
INSERT INTO `tbl_notif` VALUES (34, 1, 1, 'Mengirim bahan berita baru.', 'berita/v/d/vm', '2023-05-09 15:39:18', '1, ', NULL, 10);
INSERT INTO `tbl_notif` VALUES (35, 1, 2, 'Mengirim bahan berita baru.', 'berita/v/d/vm', '2023-05-09 15:39:18', NULL, NULL, 10);
INSERT INTO `tbl_notif` VALUES (36, 1, 3, 'Mengirim bahan berita baru.', 'berita/v/d/vm', '2023-05-09 15:39:18', NULL, NULL, 10);
INSERT INTO `tbl_notif` VALUES (37, 1, 4, 'Mengirim bahan berita baru.', 'berita/v/d/vm', '2023-05-09 15:39:18', NULL, NULL, 10);
INSERT INTO `tbl_notif` VALUES (38, 1, 5, 'Mengirim bahan berita baru.', 'berita/v/d/vm', '2023-05-09 15:39:18', NULL, NULL, 10);
INSERT INTO `tbl_notif` VALUES (39, 1, 6, 'Mengirim bahan berita baru.', 'berita/v/d/vm', '2023-05-09 15:39:18', NULL, NULL, 10);
INSERT INTO `tbl_notif` VALUES (40, 1, 1, 'Mengirim bahan berita baru.', 'berita/v/d/wR', '2023-05-09 17:22:23', '1, ', NULL, 11);
INSERT INTO `tbl_notif` VALUES (41, 1, 2, 'Mengirim bahan berita baru.', 'berita/v/d/wR', '2023-05-09 17:22:23', NULL, NULL, 11);
INSERT INTO `tbl_notif` VALUES (42, 1, 3, 'Mengirim bahan berita baru.', 'berita/v/d/wR', '2023-05-09 17:22:23', NULL, NULL, 11);
INSERT INTO `tbl_notif` VALUES (43, 1, 4, 'Mengirim bahan berita baru.', 'berita/v/d/wR', '2023-05-09 17:22:23', NULL, NULL, 11);
INSERT INTO `tbl_notif` VALUES (44, 1, 5, 'Mengirim bahan berita baru.', 'berita/v/d/wR', '2023-05-09 17:22:23', NULL, NULL, 11);
INSERT INTO `tbl_notif` VALUES (45, 1, 6, 'Mengirim bahan berita baru.', 'berita/v/d/wR', '2023-05-09 17:22:23', NULL, NULL, 11);
INSERT INTO `tbl_notif` VALUES (46, 1, 1, 'Mengirim bahan berita baru.', 'berita/v/d/x9', '2023-05-09 17:32:27', '1, ', NULL, 12);
INSERT INTO `tbl_notif` VALUES (47, 1, 2, 'Mengirim bahan berita baru.', 'berita/v/d/x9', '2023-05-09 17:32:27', NULL, NULL, 12);
INSERT INTO `tbl_notif` VALUES (48, 1, 3, 'Mengirim bahan berita baru.', 'berita/v/d/x9', '2023-05-09 17:32:27', NULL, NULL, 12);
INSERT INTO `tbl_notif` VALUES (49, 1, 4, 'Mengirim bahan berita baru.', 'berita/v/d/x9', '2023-05-09 17:32:27', NULL, NULL, 12);
INSERT INTO `tbl_notif` VALUES (50, 1, 5, 'Mengirim bahan berita baru.', 'berita/v/d/x9', '2023-05-09 17:32:27', NULL, NULL, 12);
INSERT INTO `tbl_notif` VALUES (51, 1, 6, 'Mengirim bahan berita baru.', 'berita/v/d/x9', '2023-05-09 17:32:27', NULL, NULL, 12);
INSERT INTO `tbl_notif` VALUES (52, 1, 1, 'Mengirim bahan berita baru.', 'berita/v/d/y7', '2023-05-09 17:34:49', '1, ', NULL, 13);
INSERT INTO `tbl_notif` VALUES (53, 1, 2, 'Mengirim bahan berita baru.', 'berita/v/d/y7', '2023-05-09 17:34:49', NULL, NULL, 13);
INSERT INTO `tbl_notif` VALUES (54, 1, 3, 'Mengirim bahan berita baru.', 'berita/v/d/y7', '2023-05-09 17:34:49', NULL, NULL, 13);
INSERT INTO `tbl_notif` VALUES (55, 1, 4, 'Mengirim bahan berita baru.', 'berita/v/d/y7', '2023-05-09 17:34:49', NULL, NULL, 13);
INSERT INTO `tbl_notif` VALUES (56, 1, 5, 'Mengirim bahan berita baru.', 'berita/v/d/y7', '2023-05-09 17:34:49', NULL, NULL, 13);
INSERT INTO `tbl_notif` VALUES (57, 1, 6, 'Mengirim bahan berita baru.', 'berita/v/d/y7', '2023-05-09 17:34:49', NULL, NULL, 13);
INSERT INTO `tbl_notif` VALUES (58, 1, 1, 'Mengirim bahan berita baru.', 'berita/v/d/zY', '2023-05-09 18:10:54', '1, ', NULL, 14);
INSERT INTO `tbl_notif` VALUES (59, 1, 2, 'Mengirim bahan berita baru.', 'berita/v/d/zY', '2023-05-09 18:10:54', NULL, NULL, 14);
INSERT INTO `tbl_notif` VALUES (60, 1, 3, 'Mengirim bahan berita baru.', 'berita/v/d/zY', '2023-05-09 18:10:54', NULL, NULL, 14);
INSERT INTO `tbl_notif` VALUES (61, 1, 4, 'Mengirim bahan berita baru.', 'berita/v/d/zY', '2023-05-09 18:10:54', NULL, NULL, 14);
INSERT INTO `tbl_notif` VALUES (62, 1, 5, 'Mengirim bahan berita baru.', 'berita/v/d/zY', '2023-05-09 18:10:54', NULL, NULL, 14);
INSERT INTO `tbl_notif` VALUES (63, 1, 6, 'Mengirim bahan berita baru.', 'berita/v/d/zY', '2023-05-09 18:10:54', NULL, NULL, 14);
INSERT INTO `tbl_notif` VALUES (64, 1, 1, 'Mengirim bahan berita baru.', 'berita/v/d/AO', '2023-05-09 18:12:31', '1, ', NULL, 15);
INSERT INTO `tbl_notif` VALUES (65, 1, 2, 'Mengirim bahan berita baru.', 'berita/v/d/AO', '2023-05-09 18:12:31', NULL, NULL, 15);
INSERT INTO `tbl_notif` VALUES (66, 1, 3, 'Mengirim bahan berita baru.', 'berita/v/d/AO', '2023-05-09 18:12:31', NULL, NULL, 15);
INSERT INTO `tbl_notif` VALUES (67, 1, 4, 'Mengirim bahan berita baru.', 'berita/v/d/AO', '2023-05-09 18:12:31', NULL, NULL, 15);
INSERT INTO `tbl_notif` VALUES (68, 1, 5, 'Mengirim bahan berita baru.', 'berita/v/d/AO', '2023-05-09 18:12:31', NULL, NULL, 15);
INSERT INTO `tbl_notif` VALUES (69, 1, 6, 'Mengirim bahan berita baru.', 'berita/v/d/AO', '2023-05-09 18:12:31', NULL, NULL, 15);
INSERT INTO `tbl_notif` VALUES (70, 1, 1, 'Mengirim bahan berita baru.', 'berita/v/d/BX', '2023-05-09 18:21:11', '1, ', NULL, 16);
INSERT INTO `tbl_notif` VALUES (71, 1, 2, 'Mengirim bahan berita baru.', 'berita/v/d/BX', '2023-05-09 18:21:11', NULL, NULL, 16);
INSERT INTO `tbl_notif` VALUES (72, 1, 3, 'Mengirim bahan berita baru.', 'berita/v/d/BX', '2023-05-09 18:21:11', NULL, NULL, 16);
INSERT INTO `tbl_notif` VALUES (73, 1, 4, 'Mengirim bahan berita baru.', 'berita/v/d/BX', '2023-05-09 18:21:11', NULL, NULL, 16);
INSERT INTO `tbl_notif` VALUES (74, 1, 5, 'Mengirim bahan berita baru.', 'berita/v/d/BX', '2023-05-09 18:21:11', NULL, NULL, 16);
INSERT INTO `tbl_notif` VALUES (75, 1, 6, 'Mengirim bahan berita baru.', 'berita/v/d/BX', '2023-05-09 18:21:11', NULL, NULL, 16);
INSERT INTO `tbl_notif` VALUES (76, 1, 1, 'Mengirim bahan berita baru.', 'berita/v/d/Dx', '2023-05-09 18:26:07', '1, ', NULL, 17);
INSERT INTO `tbl_notif` VALUES (77, 1, 2, 'Mengirim bahan berita baru.', 'berita/v/d/Dx', '2023-05-09 18:26:07', NULL, NULL, 17);
INSERT INTO `tbl_notif` VALUES (78, 1, 3, 'Mengirim bahan berita baru.', 'berita/v/d/Dx', '2023-05-09 18:26:07', NULL, NULL, 17);
INSERT INTO `tbl_notif` VALUES (79, 1, 4, 'Mengirim bahan berita baru.', 'berita/v/d/Dx', '2023-05-09 18:26:07', NULL, NULL, 17);
INSERT INTO `tbl_notif` VALUES (80, 1, 5, 'Mengirim bahan berita baru.', 'berita/v/d/Dx', '2023-05-09 18:26:07', NULL, NULL, 17);
INSERT INTO `tbl_notif` VALUES (81, 1, 6, 'Mengirim bahan berita baru.', 'berita/v/d/Dx', '2023-05-09 18:26:07', NULL, NULL, 17);
INSERT INTO `tbl_notif` VALUES (82, 1, 1, 'Mengirim bahan berita baru.', 'berita/v/d/Ev', '2023-05-09 18:49:06', '1, ', NULL, 18);
INSERT INTO `tbl_notif` VALUES (83, 1, 2, 'Mengirim bahan berita baru.', 'berita/v/d/Ev', '2023-05-09 18:49:06', NULL, NULL, 18);
INSERT INTO `tbl_notif` VALUES (84, 1, 3, 'Mengirim bahan berita baru.', 'berita/v/d/Ev', '2023-05-09 18:49:06', NULL, NULL, 18);
INSERT INTO `tbl_notif` VALUES (85, 1, 4, 'Mengirim bahan berita baru.', 'berita/v/d/Ev', '2023-05-09 18:49:06', NULL, NULL, 18);
INSERT INTO `tbl_notif` VALUES (86, 1, 5, 'Mengirim bahan berita baru.', 'berita/v/d/Ev', '2023-05-09 18:49:06', NULL, NULL, 18);
INSERT INTO `tbl_notif` VALUES (87, 1, 6, 'Mengirim bahan berita baru.', 'berita/v/d/Ev', '2023-05-09 18:49:06', NULL, NULL, 18);
INSERT INTO `tbl_notif` VALUES (88, 1, 1, 'Mengirim bahan berita baru.', 'berita/v/d/VM', '2023-05-09 18:55:38', '1, ', NULL, 29);
INSERT INTO `tbl_notif` VALUES (89, 1, 2, 'Mengirim bahan berita baru.', 'berita/v/d/VM', '2023-05-09 18:55:38', NULL, NULL, 29);
INSERT INTO `tbl_notif` VALUES (90, 1, 3, 'Mengirim bahan berita baru.', 'berita/v/d/VM', '2023-05-09 18:55:38', NULL, NULL, 29);
INSERT INTO `tbl_notif` VALUES (91, 1, 4, 'Mengirim bahan berita baru.', 'berita/v/d/VM', '2023-05-09 18:55:38', NULL, NULL, 29);
INSERT INTO `tbl_notif` VALUES (92, 1, 5, 'Mengirim bahan berita baru.', 'berita/v/d/VM', '2023-05-09 18:55:38', NULL, NULL, 29);
INSERT INTO `tbl_notif` VALUES (93, 1, 6, 'Mengirim bahan berita baru.', 'berita/v/d/VM', '2023-05-09 18:55:38', NULL, NULL, 29);
INSERT INTO `tbl_notif` VALUES (94, 1, 1, 'Mengirim bahan berita baru.', 'berita/v/d/WJ', '2023-05-09 19:03:56', '1, ', NULL, 30);
INSERT INTO `tbl_notif` VALUES (95, 1, 2, 'Mengirim bahan berita baru.', 'berita/v/d/WJ', '2023-05-09 19:03:56', NULL, NULL, 30);
INSERT INTO `tbl_notif` VALUES (96, 1, 3, 'Mengirim bahan berita baru.', 'berita/v/d/WJ', '2023-05-09 19:03:56', NULL, NULL, 30);
INSERT INTO `tbl_notif` VALUES (97, 1, 4, 'Mengirim bahan berita baru.', 'berita/v/d/WJ', '2023-05-09 19:03:56', NULL, NULL, 30);
INSERT INTO `tbl_notif` VALUES (98, 1, 5, 'Mengirim bahan berita baru.', 'berita/v/d/WJ', '2023-05-09 19:03:56', NULL, NULL, 30);
INSERT INTO `tbl_notif` VALUES (99, 1, 6, 'Mengirim bahan berita baru.', 'berita/v/d/WJ', '2023-05-09 19:03:56', NULL, NULL, 30);
INSERT INTO `tbl_notif` VALUES (100, 1, 1, 'Mengirim bahan berita baru.', 'berita/v/d/XW', '2023-05-09 19:14:25', '1, ', NULL, 31);
INSERT INTO `tbl_notif` VALUES (101, 1, 2, 'Mengirim bahan berita baru.', 'berita/v/d/XW', '2023-05-09 19:14:25', NULL, NULL, 31);
INSERT INTO `tbl_notif` VALUES (102, 1, 3, 'Mengirim bahan berita baru.', 'berita/v/d/XW', '2023-05-09 19:14:25', NULL, NULL, 31);
INSERT INTO `tbl_notif` VALUES (103, 1, 4, 'Mengirim bahan berita baru.', 'berita/v/d/XW', '2023-05-09 19:14:25', NULL, NULL, 31);
INSERT INTO `tbl_notif` VALUES (104, 1, 5, 'Mengirim bahan berita baru.', 'berita/v/d/XW', '2023-05-09 19:14:25', NULL, NULL, 31);
INSERT INTO `tbl_notif` VALUES (105, 1, 6, 'Mengirim bahan berita baru.', 'berita/v/d/XW', '2023-05-09 19:14:25', NULL, NULL, 31);
INSERT INTO `tbl_notif` VALUES (106, 1, 1, 'Mengirim bahan berita baru.', 'berita/v/d/YK', '2023-05-09 19:20:06', '1, ', NULL, 32);
INSERT INTO `tbl_notif` VALUES (107, 1, 2, 'Mengirim bahan berita baru.', 'berita/v/d/YK', '2023-05-09 19:20:06', NULL, NULL, 32);
INSERT INTO `tbl_notif` VALUES (108, 1, 3, 'Mengirim bahan berita baru.', 'berita/v/d/YK', '2023-05-09 19:20:06', NULL, NULL, 32);
INSERT INTO `tbl_notif` VALUES (109, 1, 4, 'Mengirim bahan berita baru.', 'berita/v/d/YK', '2023-05-09 19:20:06', NULL, NULL, 32);
INSERT INTO `tbl_notif` VALUES (110, 1, 5, 'Mengirim bahan berita baru.', 'berita/v/d/YK', '2023-05-09 19:20:06', NULL, NULL, 32);
INSERT INTO `tbl_notif` VALUES (111, 1, 6, 'Mengirim bahan berita baru.', 'berita/v/d/YK', '2023-05-09 19:20:06', NULL, NULL, 32);
INSERT INTO `tbl_notif` VALUES (112, 1, 1, 'Mengirim bahan berita baru.', 'berita/v/d/ZJ', '2023-05-09 19:20:36', '1, ', NULL, 33);
INSERT INTO `tbl_notif` VALUES (113, 1, 2, 'Mengirim bahan berita baru.', 'berita/v/d/ZJ', '2023-05-09 19:20:36', NULL, NULL, 33);
INSERT INTO `tbl_notif` VALUES (114, 1, 3, 'Mengirim bahan berita baru.', 'berita/v/d/ZJ', '2023-05-09 19:20:36', NULL, NULL, 33);
INSERT INTO `tbl_notif` VALUES (115, 1, 4, 'Mengirim bahan berita baru.', 'berita/v/d/ZJ', '2023-05-09 19:20:36', NULL, NULL, 33);
INSERT INTO `tbl_notif` VALUES (116, 1, 5, 'Mengirim bahan berita baru.', 'berita/v/d/ZJ', '2023-05-09 19:20:36', NULL, NULL, 33);
INSERT INTO `tbl_notif` VALUES (117, 1, 6, 'Mengirim bahan berita baru.', 'berita/v/d/ZJ', '2023-05-09 19:20:36', NULL, NULL, 33);
INSERT INTO `tbl_notif` VALUES (118, 1, 1, 'Mengirim bahan berita baru.', 'berita/v/d/1R', '2023-05-09 19:30:52', '1, ', NULL, 34);
INSERT INTO `tbl_notif` VALUES (119, 1, 2, 'Mengirim bahan berita baru.', 'berita/v/d/1R', '2023-05-09 19:30:52', NULL, NULL, 34);
INSERT INTO `tbl_notif` VALUES (120, 1, 3, 'Mengirim bahan berita baru.', 'berita/v/d/1R', '2023-05-09 19:30:52', NULL, NULL, 34);
INSERT INTO `tbl_notif` VALUES (121, 1, 4, 'Mengirim bahan berita baru.', 'berita/v/d/1R', '2023-05-09 19:30:52', NULL, NULL, 34);
INSERT INTO `tbl_notif` VALUES (122, 1, 5, 'Mengirim bahan berita baru.', 'berita/v/d/1R', '2023-05-09 19:30:52', NULL, NULL, 34);
INSERT INTO `tbl_notif` VALUES (123, 1, 6, 'Mengirim bahan berita baru.', 'berita/v/d/1R', '2023-05-09 19:30:52', NULL, NULL, 34);
INSERT INTO `tbl_notif` VALUES (124, 1, 1, 'Mengirim bahan berita baru.', 'berita/v/d/2K', '2023-05-10 06:55:13', '1, ', NULL, 35);
INSERT INTO `tbl_notif` VALUES (125, 1, 2, 'Mengirim bahan berita baru.', 'berita/v/d/2K', '2023-05-10 06:55:13', NULL, NULL, 35);
INSERT INTO `tbl_notif` VALUES (126, 1, 3, 'Mengirim bahan berita baru.', 'berita/v/d/2K', '2023-05-10 06:55:13', NULL, NULL, 35);
INSERT INTO `tbl_notif` VALUES (127, 1, 4, 'Mengirim bahan berita baru.', 'berita/v/d/2K', '2023-05-10 06:55:13', NULL, NULL, 35);
INSERT INTO `tbl_notif` VALUES (128, 1, 5, 'Mengirim bahan berita baru.', 'berita/v/d/2K', '2023-05-10 06:55:13', NULL, NULL, 35);
INSERT INTO `tbl_notif` VALUES (129, 1, 6, 'Mengirim bahan berita baru.', 'berita/v/d/2K', '2023-05-10 06:55:13', NULL, NULL, 35);
INSERT INTO `tbl_notif` VALUES (130, 1, 1, 'Mengirim bahan berita baru.', 'berita/v/d/3M', '2023-05-10 06:58:34', '1, ', NULL, 36);
INSERT INTO `tbl_notif` VALUES (131, 1, 2, 'Mengirim bahan berita baru.', 'berita/v/d/3M', '2023-05-10 06:58:34', NULL, NULL, 36);
INSERT INTO `tbl_notif` VALUES (132, 1, 3, 'Mengirim bahan berita baru.', 'berita/v/d/3M', '2023-05-10 06:58:34', NULL, NULL, 36);
INSERT INTO `tbl_notif` VALUES (133, 1, 4, 'Mengirim bahan berita baru.', 'berita/v/d/3M', '2023-05-10 06:58:34', NULL, NULL, 36);
INSERT INTO `tbl_notif` VALUES (134, 1, 5, 'Mengirim bahan berita baru.', 'berita/v/d/3M', '2023-05-10 06:58:34', NULL, NULL, 36);
INSERT INTO `tbl_notif` VALUES (135, 1, 6, 'Mengirim bahan berita baru.', 'berita/v/d/3M', '2023-05-10 06:58:34', NULL, NULL, 36);
INSERT INTO `tbl_notif` VALUES (136, 1, 1, 'Mengirim bahan berita baru.', 'berita/v/d/41', '2023-05-10 07:32:32', '1, ', NULL, 37);
INSERT INTO `tbl_notif` VALUES (137, 1, 2, 'Mengirim bahan berita baru.', 'berita/v/d/41', '2023-05-10 07:32:32', NULL, NULL, 37);
INSERT INTO `tbl_notif` VALUES (138, 1, 3, 'Mengirim bahan berita baru.', 'berita/v/d/41', '2023-05-10 07:32:32', NULL, NULL, 37);
INSERT INTO `tbl_notif` VALUES (139, 1, 4, 'Mengirim bahan berita baru.', 'berita/v/d/41', '2023-05-10 07:32:32', NULL, NULL, 37);
INSERT INTO `tbl_notif` VALUES (140, 1, 5, 'Mengirim bahan berita baru.', 'berita/v/d/41', '2023-05-10 07:32:32', NULL, NULL, 37);
INSERT INTO `tbl_notif` VALUES (141, 1, 6, 'Mengirim bahan berita baru.', 'berita/v/d/41', '2023-05-10 07:32:32', NULL, NULL, 37);
INSERT INTO `tbl_notif` VALUES (142, 1, 1, 'Mengirim bahan berita baru.', 'berita/v/d/5B', '2023-05-10 14:43:09', '1, ', NULL, 38);
INSERT INTO `tbl_notif` VALUES (143, 1, 2, 'Mengirim bahan berita baru.', 'berita/v/d/5B', '2023-05-10 14:43:09', NULL, NULL, 38);
INSERT INTO `tbl_notif` VALUES (144, 1, 3, 'Mengirim bahan berita baru.', 'berita/v/d/5B', '2023-05-10 14:43:09', NULL, NULL, 38);
INSERT INTO `tbl_notif` VALUES (145, 1, 4, 'Mengirim bahan berita baru.', 'berita/v/d/5B', '2023-05-10 14:43:09', NULL, NULL, 38);
INSERT INTO `tbl_notif` VALUES (146, 1, 5, 'Mengirim bahan berita baru.', 'berita/v/d/5B', '2023-05-10 14:43:09', NULL, NULL, 38);
INSERT INTO `tbl_notif` VALUES (147, 1, 6, 'Mengirim bahan berita baru.', 'berita/v/d/5B', '2023-05-10 14:43:09', NULL, NULL, 38);
INSERT INTO `tbl_notif` VALUES (148, 1, 1, 'Mengirim bahan berita baru.', 'berita/v/d/6n', '2023-05-10 14:46:13', '1, ', NULL, 39);
INSERT INTO `tbl_notif` VALUES (149, 1, 2, 'Mengirim bahan berita baru.', 'berita/v/d/6n', '2023-05-10 14:46:13', NULL, NULL, 39);
INSERT INTO `tbl_notif` VALUES (150, 1, 3, 'Mengirim bahan berita baru.', 'berita/v/d/6n', '2023-05-10 14:46:13', NULL, NULL, 39);
INSERT INTO `tbl_notif` VALUES (151, 1, 4, 'Mengirim bahan berita baru.', 'berita/v/d/6n', '2023-05-10 14:46:13', NULL, NULL, 39);
INSERT INTO `tbl_notif` VALUES (152, 1, 5, 'Mengirim bahan berita baru.', 'berita/v/d/6n', '2023-05-10 14:46:13', NULL, NULL, 39);
INSERT INTO `tbl_notif` VALUES (153, 1, 6, 'Mengirim bahan berita baru.', 'berita/v/d/6n', '2023-05-10 14:46:13', NULL, NULL, 39);
INSERT INTO `tbl_notif` VALUES (154, 1, 1, 'Mengirim bahan berita baru.', 'berita/v/d/7j', '2023-05-10 15:01:11', '1, ', NULL, 40);
INSERT INTO `tbl_notif` VALUES (155, 1, 2, 'Mengirim bahan berita baru.', 'berita/v/d/7j', '2023-05-10 15:01:11', NULL, NULL, 40);
INSERT INTO `tbl_notif` VALUES (156, 1, 3, 'Mengirim bahan berita baru.', 'berita/v/d/7j', '2023-05-10 15:01:11', NULL, NULL, 40);
INSERT INTO `tbl_notif` VALUES (157, 1, 4, 'Mengirim bahan berita baru.', 'berita/v/d/7j', '2023-05-10 15:01:11', NULL, NULL, 40);
INSERT INTO `tbl_notif` VALUES (158, 1, 5, 'Mengirim bahan berita baru.', 'berita/v/d/7j', '2023-05-10 15:01:11', NULL, NULL, 40);
INSERT INTO `tbl_notif` VALUES (159, 1, 6, 'Mengirim bahan berita baru.', 'berita/v/d/7j', '2023-05-10 15:01:11', NULL, NULL, 40);
INSERT INTO `tbl_notif` VALUES (160, 1, 1, 'Mengirim bahan berita baru.', 'berita/v/d/8m', '2023-05-10 15:11:29', '1, ', NULL, 41);
INSERT INTO `tbl_notif` VALUES (161, 1, 2, 'Mengirim bahan berita baru.', 'berita/v/d/8m', '2023-05-10 15:11:29', NULL, NULL, 41);
INSERT INTO `tbl_notif` VALUES (162, 1, 3, 'Mengirim bahan berita baru.', 'berita/v/d/8m', '2023-05-10 15:11:29', NULL, NULL, 41);
INSERT INTO `tbl_notif` VALUES (163, 1, 4, 'Mengirim bahan berita baru.', 'berita/v/d/8m', '2023-05-10 15:11:29', NULL, NULL, 41);
INSERT INTO `tbl_notif` VALUES (164, 1, 5, 'Mengirim bahan berita baru.', 'berita/v/d/8m', '2023-05-10 15:11:29', NULL, NULL, 41);
INSERT INTO `tbl_notif` VALUES (165, 1, 6, 'Mengirim bahan berita baru.', 'berita/v/d/8m', '2023-05-10 15:11:29', NULL, NULL, 41);
INSERT INTO `tbl_notif` VALUES (166, 1, 1, 'Mengirim bahan berita baru.', 'berita/v/d/9x', '2023-05-10 19:41:40', '1, ', NULL, 42);
INSERT INTO `tbl_notif` VALUES (167, 1, 2, 'Mengirim bahan berita baru.', 'berita/v/d/9x', '2023-05-10 19:41:40', NULL, NULL, 42);
INSERT INTO `tbl_notif` VALUES (168, 1, 3, 'Mengirim bahan berita baru.', 'berita/v/d/9x', '2023-05-10 19:41:40', NULL, NULL, 42);
INSERT INTO `tbl_notif` VALUES (169, 1, 4, 'Mengirim bahan berita baru.', 'berita/v/d/9x', '2023-05-10 19:41:40', NULL, NULL, 42);
INSERT INTO `tbl_notif` VALUES (170, 1, 5, 'Mengirim bahan berita baru.', 'berita/v/d/9x', '2023-05-10 19:41:40', NULL, NULL, 42);
INSERT INTO `tbl_notif` VALUES (171, 1, 6, 'Mengirim bahan berita baru.', 'berita/v/d/9x', '2023-05-10 19:41:40', NULL, NULL, 42);
INSERT INTO `tbl_notif` VALUES (172, 1, 1, 'Mengirim bahan berita baru.', 'berita/v/d/0v', '2023-05-10 19:47:40', '1, ', NULL, 43);
INSERT INTO `tbl_notif` VALUES (173, 1, 2, 'Mengirim bahan berita baru.', 'berita/v/d/0v', '2023-05-10 19:47:40', NULL, NULL, 43);
INSERT INTO `tbl_notif` VALUES (174, 1, 3, 'Mengirim bahan berita baru.', 'berita/v/d/0v', '2023-05-10 19:47:40', NULL, NULL, 43);
INSERT INTO `tbl_notif` VALUES (175, 1, 4, 'Mengirim bahan berita baru.', 'berita/v/d/0v', '2023-05-10 19:47:40', NULL, NULL, 43);
INSERT INTO `tbl_notif` VALUES (176, 1, 5, 'Mengirim bahan berita baru.', 'berita/v/d/0v', '2023-05-10 19:47:40', NULL, NULL, 43);
INSERT INTO `tbl_notif` VALUES (177, 1, 6, 'Mengirim bahan berita baru.', 'berita/v/d/0v', '2023-05-10 19:47:40', NULL, NULL, 43);
INSERT INTO `tbl_notif` VALUES (178, 1, 1, 'Mengirim bahan berita baru.', 'berita/v/d/gJY', '2023-05-10 19:49:59', '1, ', NULL, 44);
INSERT INTO `tbl_notif` VALUES (179, 1, 2, 'Mengirim bahan berita baru.', 'berita/v/d/gJY', '2023-05-10 19:49:59', NULL, NULL, 44);
INSERT INTO `tbl_notif` VALUES (180, 1, 3, 'Mengirim bahan berita baru.', 'berita/v/d/gJY', '2023-05-10 19:49:59', NULL, NULL, 44);
INSERT INTO `tbl_notif` VALUES (181, 1, 4, 'Mengirim bahan berita baru.', 'berita/v/d/gJY', '2023-05-10 19:49:59', NULL, NULL, 44);
INSERT INTO `tbl_notif` VALUES (182, 1, 5, 'Mengirim bahan berita baru.', 'berita/v/d/gJY', '2023-05-10 19:49:59', NULL, NULL, 44);
INSERT INTO `tbl_notif` VALUES (183, 1, 6, 'Mengirim bahan berita baru.', 'berita/v/d/gJY', '2023-05-10 19:49:59', NULL, NULL, 44);
INSERT INTO `tbl_notif` VALUES (184, 1, 1, 'Mengirim bahan berita baru.', 'berita/v/d/jRR', '2023-05-10 19:50:36', '1, ', NULL, 45);
INSERT INTO `tbl_notif` VALUES (185, 1, 2, 'Mengirim bahan berita baru.', 'berita/v/d/jRR', '2023-05-10 19:50:36', NULL, NULL, 45);
INSERT INTO `tbl_notif` VALUES (186, 1, 3, 'Mengirim bahan berita baru.', 'berita/v/d/jRR', '2023-05-10 19:50:36', NULL, NULL, 45);
INSERT INTO `tbl_notif` VALUES (187, 1, 4, 'Mengirim bahan berita baru.', 'berita/v/d/jRR', '2023-05-10 19:50:36', NULL, NULL, 45);
INSERT INTO `tbl_notif` VALUES (188, 1, 5, 'Mengirim bahan berita baru.', 'berita/v/d/jRR', '2023-05-10 19:50:36', NULL, NULL, 45);
INSERT INTO `tbl_notif` VALUES (189, 1, 6, 'Mengirim bahan berita baru.', 'berita/v/d/jRR', '2023-05-10 19:50:36', NULL, NULL, 45);
INSERT INTO `tbl_notif` VALUES (190, 1, 1, 'Mengirim bahan berita baru.', 'berita/v/d/kR5', '2023-05-10 19:56:19', '1, ', NULL, 46);
INSERT INTO `tbl_notif` VALUES (191, 1, 2, 'Mengirim bahan berita baru.', 'berita/v/d/kR5', '2023-05-10 19:56:19', NULL, NULL, 46);
INSERT INTO `tbl_notif` VALUES (192, 1, 3, 'Mengirim bahan berita baru.', 'berita/v/d/kR5', '2023-05-10 19:56:19', NULL, NULL, 46);
INSERT INTO `tbl_notif` VALUES (193, 1, 4, 'Mengirim bahan berita baru.', 'berita/v/d/kR5', '2023-05-10 19:56:19', NULL, NULL, 46);
INSERT INTO `tbl_notif` VALUES (194, 1, 5, 'Mengirim bahan berita baru.', 'berita/v/d/kR5', '2023-05-10 19:56:19', NULL, NULL, 46);
INSERT INTO `tbl_notif` VALUES (195, 1, 6, 'Mengirim bahan berita baru.', 'berita/v/d/kR5', '2023-05-10 19:56:19', NULL, NULL, 46);
INSERT INTO `tbl_notif` VALUES (196, 1, 1, 'Mengirim bahan berita baru.', 'berita/v/d/lY5', '2023-05-12 08:26:34', '1, ', NULL, 47);
INSERT INTO `tbl_notif` VALUES (197, 1, 2, 'Mengirim bahan berita baru.', 'berita/v/d/lY5', '2023-05-12 08:26:34', NULL, NULL, 47);
INSERT INTO `tbl_notif` VALUES (198, 1, 3, 'Mengirim bahan berita baru.', 'berita/v/d/lY5', '2023-05-12 08:26:34', NULL, NULL, 47);
INSERT INTO `tbl_notif` VALUES (199, 1, 4, 'Mengirim bahan berita baru.', 'berita/v/d/lY5', '2023-05-12 08:26:34', NULL, NULL, 47);
INSERT INTO `tbl_notif` VALUES (200, 1, 5, 'Mengirim bahan berita baru.', 'berita/v/d/lY5', '2023-05-12 08:26:34', NULL, NULL, 47);
INSERT INTO `tbl_notif` VALUES (201, 1, 6, 'Mengirim bahan berita baru.', 'berita/v/d/lY5', '2023-05-12 08:26:34', NULL, NULL, 47);
INSERT INTO `tbl_notif` VALUES (202, 1, 1, 'Mengirim bahan berita baru.', 'berita/v/d/mZO', '2023-05-12 08:52:59', '1, ', NULL, 48);
INSERT INTO `tbl_notif` VALUES (203, 1, 2, 'Mengirim bahan berita baru.', 'berita/v/d/mZO', '2023-05-12 08:52:59', NULL, NULL, 48);
INSERT INTO `tbl_notif` VALUES (204, 1, 3, 'Mengirim bahan berita baru.', 'berita/v/d/mZO', '2023-05-12 08:52:59', NULL, NULL, 48);
INSERT INTO `tbl_notif` VALUES (205, 1, 4, 'Mengirim bahan berita baru.', 'berita/v/d/mZO', '2023-05-12 08:52:59', NULL, NULL, 48);
INSERT INTO `tbl_notif` VALUES (206, 1, 5, 'Mengirim bahan berita baru.', 'berita/v/d/mZO', '2023-05-12 08:52:59', NULL, NULL, 48);
INSERT INTO `tbl_notif` VALUES (207, 1, 6, 'Mengirim bahan berita baru.', 'berita/v/d/mZO', '2023-05-12 08:52:59', NULL, NULL, 48);
INSERT INTO `tbl_notif` VALUES (208, 1, 1, 'Mengirim bahan berita baru.', 'berita/v/d/n5R', '2023-05-12 08:53:24', '1, ', NULL, 49);
INSERT INTO `tbl_notif` VALUES (209, 1, 2, 'Mengirim bahan berita baru.', 'berita/v/d/n5R', '2023-05-12 08:53:24', NULL, NULL, 49);
INSERT INTO `tbl_notif` VALUES (210, 1, 3, 'Mengirim bahan berita baru.', 'berita/v/d/n5R', '2023-05-12 08:53:24', NULL, NULL, 49);
INSERT INTO `tbl_notif` VALUES (211, 1, 4, 'Mengirim bahan berita baru.', 'berita/v/d/n5R', '2023-05-12 08:53:24', NULL, NULL, 49);
INSERT INTO `tbl_notif` VALUES (212, 1, 5, 'Mengirim bahan berita baru.', 'berita/v/d/n5R', '2023-05-12 08:53:24', NULL, NULL, 49);
INSERT INTO `tbl_notif` VALUES (213, 1, 6, 'Mengirim bahan berita baru.', 'berita/v/d/n5R', '2023-05-12 08:53:24', NULL, NULL, 49);
INSERT INTO `tbl_notif` VALUES (214, 1, 1, 'Mengirim bahan berita baru.', 'berita/v/d/o2j', '2023-05-12 08:55:57', '1, ', NULL, 50);
INSERT INTO `tbl_notif` VALUES (215, 1, 2, 'Mengirim bahan berita baru.', 'berita/v/d/o2j', '2023-05-12 08:55:57', NULL, NULL, 50);
INSERT INTO `tbl_notif` VALUES (216, 1, 3, 'Mengirim bahan berita baru.', 'berita/v/d/o2j', '2023-05-12 08:55:57', NULL, NULL, 50);
INSERT INTO `tbl_notif` VALUES (217, 1, 4, 'Mengirim bahan berita baru.', 'berita/v/d/o2j', '2023-05-12 08:55:57', NULL, NULL, 50);
INSERT INTO `tbl_notif` VALUES (218, 1, 5, 'Mengirim bahan berita baru.', 'berita/v/d/o2j', '2023-05-12 08:55:57', NULL, NULL, 50);
INSERT INTO `tbl_notif` VALUES (219, 1, 6, 'Mengirim bahan berita baru.', 'berita/v/d/o2j', '2023-05-12 08:55:57', NULL, NULL, 50);
INSERT INTO `tbl_notif` VALUES (220, 1, 1, 'Mengirim bahan berita baru.', 'berita/v/d/pY2', '2023-05-12 08:58:01', '1, ', NULL, 51);
INSERT INTO `tbl_notif` VALUES (221, 1, 2, 'Mengirim bahan berita baru.', 'berita/v/d/pY2', '2023-05-12 08:58:01', NULL, NULL, 51);
INSERT INTO `tbl_notif` VALUES (222, 1, 3, 'Mengirim bahan berita baru.', 'berita/v/d/pY2', '2023-05-12 08:58:01', NULL, NULL, 51);
INSERT INTO `tbl_notif` VALUES (223, 1, 4, 'Mengirim bahan berita baru.', 'berita/v/d/pY2', '2023-05-12 08:58:01', NULL, NULL, 51);
INSERT INTO `tbl_notif` VALUES (224, 1, 5, 'Mengirim bahan berita baru.', 'berita/v/d/pY2', '2023-05-12 08:58:01', NULL, NULL, 51);
INSERT INTO `tbl_notif` VALUES (225, 1, 6, 'Mengirim bahan berita baru.', 'berita/v/d/pY2', '2023-05-12 08:58:01', NULL, NULL, 51);
INSERT INTO `tbl_notif` VALUES (226, 1, 1, 'Mengirim bahan berita baru.', 'berita/v/d/qx2', '2023-05-12 09:18:30', '1, ', NULL, 52);
INSERT INTO `tbl_notif` VALUES (227, 1, 2, 'Mengirim bahan berita baru.', 'berita/v/d/qx2', '2023-05-12 09:18:30', NULL, NULL, 52);
INSERT INTO `tbl_notif` VALUES (228, 1, 3, 'Mengirim bahan berita baru.', 'berita/v/d/qx2', '2023-05-12 09:18:30', NULL, NULL, 52);
INSERT INTO `tbl_notif` VALUES (229, 1, 4, 'Mengirim bahan berita baru.', 'berita/v/d/qx2', '2023-05-12 09:18:30', NULL, NULL, 52);
INSERT INTO `tbl_notif` VALUES (230, 1, 5, 'Mengirim bahan berita baru.', 'berita/v/d/qx2', '2023-05-12 09:18:30', NULL, NULL, 52);
INSERT INTO `tbl_notif` VALUES (231, 1, 6, 'Mengirim bahan berita baru.', 'berita/v/d/qx2', '2023-05-12 09:18:30', NULL, NULL, 52);
INSERT INTO `tbl_notif` VALUES (232, 1, 1, 'Mengirim bahan berita baru.', 'berita/v/d/rkE', '2023-05-12 09:22:45', '1, ', NULL, 53);
INSERT INTO `tbl_notif` VALUES (233, 1, 2, 'Mengirim bahan berita baru.', 'berita/v/d/rkE', '2023-05-12 09:22:45', NULL, NULL, 53);
INSERT INTO `tbl_notif` VALUES (234, 1, 3, 'Mengirim bahan berita baru.', 'berita/v/d/rkE', '2023-05-12 09:22:45', NULL, NULL, 53);
INSERT INTO `tbl_notif` VALUES (235, 1, 4, 'Mengirim bahan berita baru.', 'berita/v/d/rkE', '2023-05-12 09:22:45', NULL, NULL, 53);
INSERT INTO `tbl_notif` VALUES (236, 1, 5, 'Mengirim bahan berita baru.', 'berita/v/d/rkE', '2023-05-12 09:22:45', NULL, NULL, 53);
INSERT INTO `tbl_notif` VALUES (237, 1, 6, 'Mengirim bahan berita baru.', 'berita/v/d/rkE', '2023-05-12 09:22:45', NULL, NULL, 53);
INSERT INTO `tbl_notif` VALUES (238, 1, 1, 'Mengirim bahan berita baru.', 'berita/v/d/v2m', '2023-05-12 09:25:31', '1, ', NULL, 54);
INSERT INTO `tbl_notif` VALUES (239, 1, 2, 'Mengirim bahan berita baru.', 'berita/v/d/v2m', '2023-05-12 09:25:31', NULL, NULL, 54);
INSERT INTO `tbl_notif` VALUES (240, 1, 3, 'Mengirim bahan berita baru.', 'berita/v/d/v2m', '2023-05-12 09:25:31', NULL, NULL, 54);
INSERT INTO `tbl_notif` VALUES (241, 1, 4, 'Mengirim bahan berita baru.', 'berita/v/d/v2m', '2023-05-12 09:25:31', NULL, NULL, 54);
INSERT INTO `tbl_notif` VALUES (242, 1, 5, 'Mengirim bahan berita baru.', 'berita/v/d/v2m', '2023-05-12 09:25:31', NULL, NULL, 54);
INSERT INTO `tbl_notif` VALUES (243, 1, 6, 'Mengirim bahan berita baru.', 'berita/v/d/v2m', '2023-05-12 09:25:31', NULL, NULL, 54);
INSERT INTO `tbl_notif` VALUES (244, 1, 1, 'Mengirim bahan berita baru.', 'berita/v/d/wpR', '2023-05-12 09:27:30', '1, ', NULL, 55);
INSERT INTO `tbl_notif` VALUES (245, 1, 2, 'Mengirim bahan berita baru.', 'berita/v/d/wpR', '2023-05-12 09:27:30', NULL, NULL, 55);
INSERT INTO `tbl_notif` VALUES (246, 1, 3, 'Mengirim bahan berita baru.', 'berita/v/d/wpR', '2023-05-12 09:27:30', NULL, NULL, 55);
INSERT INTO `tbl_notif` VALUES (247, 1, 4, 'Mengirim bahan berita baru.', 'berita/v/d/wpR', '2023-05-12 09:27:30', NULL, NULL, 55);
INSERT INTO `tbl_notif` VALUES (248, 1, 5, 'Mengirim bahan berita baru.', 'berita/v/d/wpR', '2023-05-12 09:27:30', NULL, NULL, 55);
INSERT INTO `tbl_notif` VALUES (249, 1, 6, 'Mengirim bahan berita baru.', 'berita/v/d/wpR', '2023-05-12 09:27:30', NULL, NULL, 55);
INSERT INTO `tbl_notif` VALUES (250, 8, 1, 'Mengirim bahan berita baru.', 'berita/v/d/xk9', '2023-05-12 14:51:54', '1, ', NULL, 56);
INSERT INTO `tbl_notif` VALUES (251, 8, 2, 'Mengirim bahan berita baru.', 'berita/v/d/xk9', '2023-05-12 14:51:54', NULL, NULL, 56);
INSERT INTO `tbl_notif` VALUES (252, 8, 3, 'Mengirim bahan berita baru.', 'berita/v/d/xk9', '2023-05-12 14:51:54', NULL, NULL, 56);
INSERT INTO `tbl_notif` VALUES (253, 8, 4, 'Mengirim bahan berita baru.', 'berita/v/d/xk9', '2023-05-12 14:51:54', NULL, NULL, 56);
INSERT INTO `tbl_notif` VALUES (254, 8, 5, 'Mengirim bahan berita baru.', 'berita/v/d/xk9', '2023-05-12 14:51:54', NULL, NULL, 56);
INSERT INTO `tbl_notif` VALUES (255, 8, 6, 'Mengirim bahan berita baru.', 'berita/v/d/xk9', '2023-05-12 14:51:54', NULL, NULL, 56);
INSERT INTO `tbl_notif` VALUES (256, 1, 1, 'Mengirim bahan berita baru.', 'berita/v/d/ADO', '2023-05-23 13:46:58', '1, ', NULL, 59);
INSERT INTO `tbl_notif` VALUES (257, 1, 2, 'Mengirim bahan berita baru.', 'berita/v/d/ADO', '2023-05-23 13:46:58', NULL, NULL, 59);
INSERT INTO `tbl_notif` VALUES (258, 1, 3, 'Mengirim bahan berita baru.', 'berita/v/d/ADO', '2023-05-23 13:46:58', NULL, NULL, 59);
INSERT INTO `tbl_notif` VALUES (259, 1, 4, 'Mengirim bahan berita baru.', 'berita/v/d/ADO', '2023-05-23 13:46:58', NULL, NULL, 59);
INSERT INTO `tbl_notif` VALUES (260, 1, 5, 'Mengirim bahan berita baru.', 'berita/v/d/ADO', '2023-05-23 13:46:58', NULL, NULL, 59);
INSERT INTO `tbl_notif` VALUES (261, 1, 6, 'Mengirim bahan berita baru.', 'berita/v/d/ADO', '2023-05-23 13:46:58', NULL, NULL, 59);
INSERT INTO `tbl_notif` VALUES (262, 1, 1, 'Mengirim bahan berita baru.', 'berita/v/d/Dkx', '2023-05-29 13:31:33', '1, ', NULL, 61);
INSERT INTO `tbl_notif` VALUES (263, 1, 2, 'Mengirim bahan berita baru.', 'berita/v/d/Dkx', '2023-05-29 13:31:33', NULL, NULL, 61);
INSERT INTO `tbl_notif` VALUES (264, 1, 3, 'Mengirim bahan berita baru.', 'berita/v/d/Dkx', '2023-05-29 13:31:33', NULL, NULL, 61);
INSERT INTO `tbl_notif` VALUES (265, 1, 4, 'Mengirim bahan berita baru.', 'berita/v/d/Dkx', '2023-05-29 13:31:33', NULL, NULL, 61);
INSERT INTO `tbl_notif` VALUES (266, 1, 5, 'Mengirim bahan berita baru.', 'berita/v/d/Dkx', '2023-05-29 13:31:33', NULL, NULL, 61);
INSERT INTO `tbl_notif` VALUES (267, 1, 6, 'Mengirim bahan berita baru.', 'berita/v/d/Dkx', '2023-05-29 13:31:33', NULL, NULL, 61);
INSERT INTO `tbl_notif` VALUES (268, 1, 1, 'Mengirim bahan berita baru.', 'berita/v/d/ERv', '2023-05-29 13:49:14', '1, ', NULL, 62);
INSERT INTO `tbl_notif` VALUES (269, 1, 2, 'Mengirim bahan berita baru.', 'berita/v/d/ERv', '2023-05-29 13:49:14', NULL, NULL, 62);
INSERT INTO `tbl_notif` VALUES (270, 1, 3, 'Mengirim bahan berita baru.', 'berita/v/d/ERv', '2023-05-29 13:49:14', NULL, NULL, 62);
INSERT INTO `tbl_notif` VALUES (271, 1, 4, 'Mengirim bahan berita baru.', 'berita/v/d/ERv', '2023-05-29 13:49:14', NULL, NULL, 62);
INSERT INTO `tbl_notif` VALUES (272, 1, 5, 'Mengirim bahan berita baru.', 'berita/v/d/ERv', '2023-05-29 13:49:14', NULL, NULL, 62);
INSERT INTO `tbl_notif` VALUES (273, 1, 6, 'Mengirim bahan berita baru.', 'berita/v/d/ERv', '2023-05-29 13:49:14', NULL, NULL, 62);
INSERT INTO `tbl_notif` VALUES (274, 1, 1, 'Mengirim bahan berita baru.', 'berita/v/d/G67', '2023-05-30 13:56:14', '1, ', NULL, 63);
INSERT INTO `tbl_notif` VALUES (275, 1, 2, 'Mengirim bahan berita baru.', 'berita/v/d/G67', '2023-05-30 13:56:14', NULL, NULL, 63);
INSERT INTO `tbl_notif` VALUES (276, 1, 3, 'Mengirim bahan berita baru.', 'berita/v/d/G67', '2023-05-30 13:56:14', NULL, NULL, 63);
INSERT INTO `tbl_notif` VALUES (277, 1, 4, 'Mengirim bahan berita baru.', 'berita/v/d/G67', '2023-05-30 13:56:14', NULL, NULL, 63);
INSERT INTO `tbl_notif` VALUES (278, 1, 5, 'Mengirim bahan berita baru.', 'berita/v/d/G67', '2023-05-30 13:56:14', NULL, NULL, 63);
INSERT INTO `tbl_notif` VALUES (279, 1, 6, 'Mengirim bahan berita baru.', 'berita/v/d/G67', '2023-05-30 13:56:14', NULL, NULL, 63);
INSERT INTO `tbl_notif` VALUES (280, 1, 1, 'Mengirim bahan berita baru.', 'berita/v/d/J62', '2023-05-30 13:57:29', '1, ', NULL, 64);
INSERT INTO `tbl_notif` VALUES (281, 1, 2, 'Mengirim bahan berita baru.', 'berita/v/d/J62', '2023-05-30 13:57:29', NULL, NULL, 64);
INSERT INTO `tbl_notif` VALUES (282, 1, 3, 'Mengirim bahan berita baru.', 'berita/v/d/J62', '2023-05-30 13:57:29', NULL, NULL, 64);
INSERT INTO `tbl_notif` VALUES (283, 1, 4, 'Mengirim bahan berita baru.', 'berita/v/d/J62', '2023-05-30 13:57:29', NULL, NULL, 64);
INSERT INTO `tbl_notif` VALUES (284, 1, 5, 'Mengirim bahan berita baru.', 'berita/v/d/J62', '2023-05-30 13:57:29', NULL, NULL, 64);
INSERT INTO `tbl_notif` VALUES (285, 1, 6, 'Mengirim bahan berita baru.', 'berita/v/d/J62', '2023-05-30 13:57:29', NULL, NULL, 64);
INSERT INTO `tbl_notif` VALUES (286, 1, 1, 'Mengirim bahan berita baru.', 'berita/v/d/G67', '2023-05-30 14:15:30', '1, ', NULL, 63);
INSERT INTO `tbl_notif` VALUES (287, 1, 2, 'Mengirim bahan berita baru.', 'berita/v/d/G67', '2023-05-30 14:15:30', NULL, NULL, 63);
INSERT INTO `tbl_notif` VALUES (288, 1, 3, 'Mengirim bahan berita baru.', 'berita/v/d/G67', '2023-05-30 14:15:30', NULL, NULL, 63);
INSERT INTO `tbl_notif` VALUES (289, 1, 4, 'Mengirim bahan berita baru.', 'berita/v/d/G67', '2023-05-30 14:15:30', NULL, NULL, 63);
INSERT INTO `tbl_notif` VALUES (290, 1, 5, 'Mengirim bahan berita baru.', 'berita/v/d/G67', '2023-05-30 14:15:30', NULL, NULL, 63);
INSERT INTO `tbl_notif` VALUES (291, 1, 6, 'Mengirim bahan berita baru.', 'berita/v/d/G67', '2023-05-30 14:15:30', NULL, NULL, 63);
INSERT INTO `tbl_notif` VALUES (292, 1, 1, 'Mengirim bahan berita baru.', 'berita/v/d/J62', '2023-05-30 14:33:00', '1, ', NULL, 64);
INSERT INTO `tbl_notif` VALUES (293, 1, 2, 'Mengirim bahan berita baru.', 'berita/v/d/J62', '2023-05-30 14:33:00', NULL, NULL, 64);
INSERT INTO `tbl_notif` VALUES (294, 1, 3, 'Mengirim bahan berita baru.', 'berita/v/d/J62', '2023-05-30 14:33:00', NULL, NULL, 64);
INSERT INTO `tbl_notif` VALUES (295, 1, 4, 'Mengirim bahan berita baru.', 'berita/v/d/J62', '2023-05-30 14:33:00', NULL, NULL, 64);
INSERT INTO `tbl_notif` VALUES (296, 1, 5, 'Mengirim bahan berita baru.', 'berita/v/d/J62', '2023-05-30 14:33:00', NULL, NULL, 64);
INSERT INTO `tbl_notif` VALUES (297, 1, 6, 'Mengirim bahan berita baru.', 'berita/v/d/J62', '2023-05-30 14:33:00', NULL, NULL, 64);
INSERT INTO `tbl_notif` VALUES (298, 1, 1, 'Mengirim bahan berita baru.', 'berita/v/d/KrR', '2023-05-30 14:34:18', '1, ', NULL, 65);
INSERT INTO `tbl_notif` VALUES (299, 1, 2, 'Mengirim bahan berita baru.', 'berita/v/d/KrR', '2023-05-30 14:34:18', NULL, NULL, 65);
INSERT INTO `tbl_notif` VALUES (300, 1, 3, 'Mengirim bahan berita baru.', 'berita/v/d/KrR', '2023-05-30 14:34:18', NULL, NULL, 65);
INSERT INTO `tbl_notif` VALUES (301, 1, 4, 'Mengirim bahan berita baru.', 'berita/v/d/KrR', '2023-05-30 14:34:18', NULL, NULL, 65);
INSERT INTO `tbl_notif` VALUES (302, 1, 5, 'Mengirim bahan berita baru.', 'berita/v/d/KrR', '2023-05-30 14:34:18', NULL, NULL, 65);
INSERT INTO `tbl_notif` VALUES (303, 1, 6, 'Mengirim bahan berita baru.', 'berita/v/d/KrR', '2023-05-30 14:34:18', NULL, NULL, 65);
INSERT INTO `tbl_notif` VALUES (304, 1, 1, 'Mengirim bahan berita baru.', 'berita/v/d/L9w', '2023-05-30 14:55:45', '1, ', NULL, 66);
INSERT INTO `tbl_notif` VALUES (305, 1, 2, 'Mengirim bahan berita baru.', 'berita/v/d/L9w', '2023-05-30 14:55:45', NULL, NULL, 66);
INSERT INTO `tbl_notif` VALUES (306, 1, 3, 'Mengirim bahan berita baru.', 'berita/v/d/L9w', '2023-05-30 14:55:45', NULL, NULL, 66);
INSERT INTO `tbl_notif` VALUES (307, 1, 4, 'Mengirim bahan berita baru.', 'berita/v/d/L9w', '2023-05-30 14:55:45', NULL, NULL, 66);
INSERT INTO `tbl_notif` VALUES (308, 1, 5, 'Mengirim bahan berita baru.', 'berita/v/d/L9w', '2023-05-30 14:55:45', NULL, NULL, 66);
INSERT INTO `tbl_notif` VALUES (309, 1, 6, 'Mengirim bahan berita baru.', 'berita/v/d/L9w', '2023-05-30 14:55:45', NULL, NULL, 66);
INSERT INTO `tbl_notif` VALUES (310, 1, 1, 'Mengirim bahan berita baru.', 'berita/v/d/M8A', '2023-05-31 08:36:29', '1, ', NULL, 67);
INSERT INTO `tbl_notif` VALUES (311, 1, 2, 'Mengirim bahan berita baru.', 'berita/v/d/M8A', '2023-05-31 08:36:29', NULL, NULL, 67);
INSERT INTO `tbl_notif` VALUES (312, 1, 3, 'Mengirim bahan berita baru.', 'berita/v/d/M8A', '2023-05-31 08:36:29', NULL, NULL, 67);
INSERT INTO `tbl_notif` VALUES (313, 1, 4, 'Mengirim bahan berita baru.', 'berita/v/d/M8A', '2023-05-31 08:36:29', NULL, NULL, 67);
INSERT INTO `tbl_notif` VALUES (314, 1, 5, 'Mengirim bahan berita baru.', 'berita/v/d/M8A', '2023-05-31 08:36:29', NULL, NULL, 67);
INSERT INTO `tbl_notif` VALUES (315, 1, 6, 'Mengirim bahan berita baru.', 'berita/v/d/M8A', '2023-05-31 08:36:29', NULL, NULL, 67);
INSERT INTO `tbl_notif` VALUES (316, 1, 1, 'Mengirim bahan berita baru.', 'berita/v/d/Nk6', '2023-05-31 09:01:18', '1, ', NULL, 68);
INSERT INTO `tbl_notif` VALUES (317, 1, 2, 'Mengirim bahan berita baru.', 'berita/v/d/Nk6', '2023-05-31 09:01:18', NULL, NULL, 68);
INSERT INTO `tbl_notif` VALUES (318, 1, 3, 'Mengirim bahan berita baru.', 'berita/v/d/Nk6', '2023-05-31 09:01:18', NULL, NULL, 68);
INSERT INTO `tbl_notif` VALUES (319, 1, 4, 'Mengirim bahan berita baru.', 'berita/v/d/Nk6', '2023-05-31 09:01:18', NULL, NULL, 68);
INSERT INTO `tbl_notif` VALUES (320, 1, 5, 'Mengirim bahan berita baru.', 'berita/v/d/Nk6', '2023-05-31 09:01:18', NULL, NULL, 68);
INSERT INTO `tbl_notif` VALUES (321, 1, 6, 'Mengirim bahan berita baru.', 'berita/v/d/Nk6', '2023-05-31 09:01:18', NULL, NULL, 68);
INSERT INTO `tbl_notif` VALUES (322, 1, 1, 'Mengirim bahan berita baru.', 'berita/v/d/OYp', '2023-05-31 09:13:45', '1, ', NULL, 69);
INSERT INTO `tbl_notif` VALUES (323, 1, 2, 'Mengirim bahan berita baru.', 'berita/v/d/OYp', '2023-05-31 09:13:45', NULL, NULL, 69);
INSERT INTO `tbl_notif` VALUES (324, 1, 3, 'Mengirim bahan berita baru.', 'berita/v/d/OYp', '2023-05-31 09:13:45', NULL, NULL, 69);
INSERT INTO `tbl_notif` VALUES (325, 1, 4, 'Mengirim bahan berita baru.', 'berita/v/d/OYp', '2023-05-31 09:13:45', NULL, NULL, 69);
INSERT INTO `tbl_notif` VALUES (326, 1, 5, 'Mengirim bahan berita baru.', 'berita/v/d/OYp', '2023-05-31 09:13:45', NULL, NULL, 69);
INSERT INTO `tbl_notif` VALUES (327, 1, 6, 'Mengirim bahan berita baru.', 'berita/v/d/OYp', '2023-05-31 09:13:45', NULL, NULL, 69);
INSERT INTO `tbl_notif` VALUES (328, 1, 1, 'Mengirim bahan berita baru.', 'berita/v/d/PNw', '2023-05-31 09:18:47', '1, ', NULL, 70);
INSERT INTO `tbl_notif` VALUES (329, 1, 2, 'Mengirim bahan berita baru.', 'berita/v/d/PNw', '2023-05-31 09:18:47', NULL, NULL, 70);
INSERT INTO `tbl_notif` VALUES (330, 1, 3, 'Mengirim bahan berita baru.', 'berita/v/d/PNw', '2023-05-31 09:18:47', NULL, NULL, 70);
INSERT INTO `tbl_notif` VALUES (331, 1, 4, 'Mengirim bahan berita baru.', 'berita/v/d/PNw', '2023-05-31 09:18:47', NULL, NULL, 70);
INSERT INTO `tbl_notif` VALUES (332, 1, 5, 'Mengirim bahan berita baru.', 'berita/v/d/PNw', '2023-05-31 09:18:47', NULL, NULL, 70);
INSERT INTO `tbl_notif` VALUES (333, 1, 6, 'Mengirim bahan berita baru.', 'berita/v/d/PNw', '2023-05-31 09:18:47', NULL, NULL, 70);
INSERT INTO `tbl_notif` VALUES (334, 1, 1, 'Mengirim bahan berita baru.', 'berita/v/d/QWl', '2023-05-31 10:54:02', '1, ', NULL, 71);
INSERT INTO `tbl_notif` VALUES (335, 1, 2, 'Mengirim bahan berita baru.', 'berita/v/d/QWl', '2023-05-31 10:54:02', NULL, NULL, 71);
INSERT INTO `tbl_notif` VALUES (336, 1, 3, 'Mengirim bahan berita baru.', 'berita/v/d/QWl', '2023-05-31 10:54:02', NULL, NULL, 71);
INSERT INTO `tbl_notif` VALUES (337, 1, 4, 'Mengirim bahan berita baru.', 'berita/v/d/QWl', '2023-05-31 10:54:02', NULL, NULL, 71);
INSERT INTO `tbl_notif` VALUES (338, 1, 5, 'Mengirim bahan berita baru.', 'berita/v/d/QWl', '2023-05-31 10:54:02', NULL, NULL, 71);
INSERT INTO `tbl_notif` VALUES (339, 1, 6, 'Mengirim bahan berita baru.', 'berita/v/d/QWl', '2023-05-31 10:54:02', NULL, NULL, 71);
INSERT INTO `tbl_notif` VALUES (340, 1, 1, 'Mengirim bahan berita baru.', 'berita/v/d/R6q', '2023-05-31 13:40:15', '1, ', NULL, 72);
INSERT INTO `tbl_notif` VALUES (341, 1, 2, 'Mengirim bahan berita baru.', 'berita/v/d/R6q', '2023-05-31 13:40:15', NULL, NULL, 72);
INSERT INTO `tbl_notif` VALUES (342, 1, 3, 'Mengirim bahan berita baru.', 'berita/v/d/R6q', '2023-05-31 13:40:15', NULL, NULL, 72);
INSERT INTO `tbl_notif` VALUES (343, 1, 4, 'Mengirim bahan berita baru.', 'berita/v/d/R6q', '2023-05-31 13:40:15', NULL, NULL, 72);
INSERT INTO `tbl_notif` VALUES (344, 1, 5, 'Mengirim bahan berita baru.', 'berita/v/d/R6q', '2023-05-31 13:40:15', NULL, NULL, 72);
INSERT INTO `tbl_notif` VALUES (345, 1, 6, 'Mengirim bahan berita baru.', 'berita/v/d/R6q', '2023-05-31 13:40:15', NULL, NULL, 72);
INSERT INTO `tbl_notif` VALUES (346, 1, 1, 'Mengirim bahan berita baru.', 'berita/v/d/VOM', '2023-05-31 13:53:33', '1, ', NULL, 73);
INSERT INTO `tbl_notif` VALUES (347, 1, 2, 'Mengirim bahan berita baru.', 'berita/v/d/VOM', '2023-05-31 13:53:33', NULL, NULL, 73);
INSERT INTO `tbl_notif` VALUES (348, 1, 3, 'Mengirim bahan berita baru.', 'berita/v/d/VOM', '2023-05-31 13:53:33', NULL, NULL, 73);
INSERT INTO `tbl_notif` VALUES (349, 1, 4, 'Mengirim bahan berita baru.', 'berita/v/d/VOM', '2023-05-31 13:53:33', NULL, NULL, 73);
INSERT INTO `tbl_notif` VALUES (350, 1, 5, 'Mengirim bahan berita baru.', 'berita/v/d/VOM', '2023-05-31 13:53:33', NULL, NULL, 73);
INSERT INTO `tbl_notif` VALUES (351, 1, 6, 'Mengirim bahan berita baru.', 'berita/v/d/VOM', '2023-05-31 13:53:33', NULL, NULL, 73);
INSERT INTO `tbl_notif` VALUES (352, 1, 1, 'Mengirim bahan berita baru.', 'berita/v/d/W6J', '2023-05-31 14:08:17', '1, ', NULL, 74);
INSERT INTO `tbl_notif` VALUES (353, 1, 2, 'Mengirim bahan berita baru.', 'berita/v/d/W6J', '2023-05-31 14:08:17', NULL, NULL, 74);
INSERT INTO `tbl_notif` VALUES (354, 1, 3, 'Mengirim bahan berita baru.', 'berita/v/d/W6J', '2023-05-31 14:08:17', NULL, NULL, 74);
INSERT INTO `tbl_notif` VALUES (355, 1, 4, 'Mengirim bahan berita baru.', 'berita/v/d/W6J', '2023-05-31 14:08:17', NULL, NULL, 74);
INSERT INTO `tbl_notif` VALUES (356, 1, 5, 'Mengirim bahan berita baru.', 'berita/v/d/W6J', '2023-05-31 14:08:17', NULL, NULL, 74);
INSERT INTO `tbl_notif` VALUES (357, 1, 6, 'Mengirim bahan berita baru.', 'berita/v/d/W6J', '2023-05-31 14:08:17', NULL, NULL, 74);
INSERT INTO `tbl_notif` VALUES (358, 1, 1, 'Mengirim bahan berita baru.', 'berita/v/d/XDW', '2023-05-31 14:10:17', '1, ', NULL, 75);
INSERT INTO `tbl_notif` VALUES (359, 1, 2, 'Mengirim bahan berita baru.', 'berita/v/d/XDW', '2023-05-31 14:10:17', NULL, NULL, 75);
INSERT INTO `tbl_notif` VALUES (360, 1, 3, 'Mengirim bahan berita baru.', 'berita/v/d/XDW', '2023-05-31 14:10:17', NULL, NULL, 75);
INSERT INTO `tbl_notif` VALUES (361, 1, 4, 'Mengirim bahan berita baru.', 'berita/v/d/XDW', '2023-05-31 14:10:17', NULL, NULL, 75);
INSERT INTO `tbl_notif` VALUES (362, 1, 5, 'Mengirim bahan berita baru.', 'berita/v/d/XDW', '2023-05-31 14:10:17', NULL, NULL, 75);
INSERT INTO `tbl_notif` VALUES (363, 1, 6, 'Mengirim bahan berita baru.', 'berita/v/d/XDW', '2023-05-31 14:10:17', NULL, NULL, 75);
INSERT INTO `tbl_notif` VALUES (364, 1, 1, 'Mengirim bahan berita baru.', 'berita/v/d/YEK', '2023-05-31 14:15:37', '1, ', NULL, 76);
INSERT INTO `tbl_notif` VALUES (365, 1, 2, 'Mengirim bahan berita baru.', 'berita/v/d/YEK', '2023-05-31 14:15:37', NULL, NULL, 76);
INSERT INTO `tbl_notif` VALUES (366, 1, 3, 'Mengirim bahan berita baru.', 'berita/v/d/YEK', '2023-05-31 14:15:37', NULL, NULL, 76);
INSERT INTO `tbl_notif` VALUES (367, 1, 4, 'Mengirim bahan berita baru.', 'berita/v/d/YEK', '2023-05-31 14:15:37', NULL, NULL, 76);
INSERT INTO `tbl_notif` VALUES (368, 1, 5, 'Mengirim bahan berita baru.', 'berita/v/d/YEK', '2023-05-31 14:15:37', NULL, NULL, 76);
INSERT INTO `tbl_notif` VALUES (369, 1, 6, 'Mengirim bahan berita baru.', 'berita/v/d/YEK', '2023-05-31 14:15:37', NULL, NULL, 76);
INSERT INTO `tbl_notif` VALUES (370, 1, 1, 'Mengirim bahan berita baru.', 'berita/v/d/Z6J', '2023-05-31 14:20:26', '1, ', NULL, 77);
INSERT INTO `tbl_notif` VALUES (371, 1, 2, 'Mengirim bahan berita baru.', 'berita/v/d/Z6J', '2023-05-31 14:20:26', NULL, NULL, 77);
INSERT INTO `tbl_notif` VALUES (372, 1, 3, 'Mengirim bahan berita baru.', 'berita/v/d/Z6J', '2023-05-31 14:20:26', NULL, NULL, 77);
INSERT INTO `tbl_notif` VALUES (373, 1, 4, 'Mengirim bahan berita baru.', 'berita/v/d/Z6J', '2023-05-31 14:20:26', NULL, NULL, 77);
INSERT INTO `tbl_notif` VALUES (374, 1, 5, 'Mengirim bahan berita baru.', 'berita/v/d/Z6J', '2023-05-31 14:20:26', NULL, NULL, 77);
INSERT INTO `tbl_notif` VALUES (375, 1, 6, 'Mengirim bahan berita baru.', 'berita/v/d/Z6J', '2023-05-31 14:20:26', NULL, NULL, 77);
INSERT INTO `tbl_notif` VALUES (376, 1, 1, 'Mengirim bahan berita baru.', 'berita/v/d/1wR', '2023-05-31 14:21:27', '1, ', NULL, 78);
INSERT INTO `tbl_notif` VALUES (377, 1, 2, 'Mengirim bahan berita baru.', 'berita/v/d/1wR', '2023-05-31 14:21:27', NULL, NULL, 78);
INSERT INTO `tbl_notif` VALUES (378, 1, 3, 'Mengirim bahan berita baru.', 'berita/v/d/1wR', '2023-05-31 14:21:27', NULL, NULL, 78);
INSERT INTO `tbl_notif` VALUES (379, 1, 4, 'Mengirim bahan berita baru.', 'berita/v/d/1wR', '2023-05-31 14:21:27', NULL, NULL, 78);
INSERT INTO `tbl_notif` VALUES (380, 1, 5, 'Mengirim bahan berita baru.', 'berita/v/d/1wR', '2023-05-31 14:21:27', NULL, NULL, 78);
INSERT INTO `tbl_notif` VALUES (381, 1, 6, 'Mengirim bahan berita baru.', 'berita/v/d/1wR', '2023-05-31 14:21:27', NULL, NULL, 78);
INSERT INTO `tbl_notif` VALUES (382, 1, 1, 'Mengirim bahan berita baru.', 'berita/v/d/2kK', '2023-05-31 14:23:27', '1, ', NULL, 79);
INSERT INTO `tbl_notif` VALUES (383, 1, 2, 'Mengirim bahan berita baru.', 'berita/v/d/2kK', '2023-05-31 14:23:27', NULL, NULL, 79);
INSERT INTO `tbl_notif` VALUES (384, 1, 3, 'Mengirim bahan berita baru.', 'berita/v/d/2kK', '2023-05-31 14:23:27', NULL, NULL, 79);
INSERT INTO `tbl_notif` VALUES (385, 1, 4, 'Mengirim bahan berita baru.', 'berita/v/d/2kK', '2023-05-31 14:23:27', NULL, NULL, 79);
INSERT INTO `tbl_notif` VALUES (386, 1, 5, 'Mengirim bahan berita baru.', 'berita/v/d/2kK', '2023-05-31 14:23:27', NULL, NULL, 79);
INSERT INTO `tbl_notif` VALUES (387, 1, 6, 'Mengirim bahan berita baru.', 'berita/v/d/2kK', '2023-05-31 14:23:27', NULL, NULL, 79);
INSERT INTO `tbl_notif` VALUES (388, 1, 1, 'Mengirim bahan berita baru.', 'berita/v/d/31M', '2023-06-01 07:28:28', '1, ', NULL, 80);
INSERT INTO `tbl_notif` VALUES (389, 1, 2, 'Mengirim bahan berita baru.', 'berita/v/d/31M', '2023-06-01 07:28:28', NULL, NULL, 80);
INSERT INTO `tbl_notif` VALUES (390, 1, 3, 'Mengirim bahan berita baru.', 'berita/v/d/31M', '2023-06-01 07:28:28', NULL, NULL, 80);
INSERT INTO `tbl_notif` VALUES (391, 1, 4, 'Mengirim bahan berita baru.', 'berita/v/d/31M', '2023-06-01 07:28:28', NULL, NULL, 80);
INSERT INTO `tbl_notif` VALUES (392, 1, 5, 'Mengirim bahan berita baru.', 'berita/v/d/31M', '2023-06-01 07:28:28', NULL, NULL, 80);
INSERT INTO `tbl_notif` VALUES (393, 1, 6, 'Mengirim bahan berita baru.', 'berita/v/d/31M', '2023-06-01 07:28:28', NULL, NULL, 80);
INSERT INTO `tbl_notif` VALUES (394, 1, 1, 'Mengirim bahan berita baru.', 'berita/v/d/4x1', '2023-06-03 08:14:54', '1, ', NULL, 81);
INSERT INTO `tbl_notif` VALUES (395, 1, 2, 'Mengirim bahan berita baru.', 'berita/v/d/4x1', '2023-06-03 08:14:54', NULL, NULL, 81);
INSERT INTO `tbl_notif` VALUES (396, 1, 3, 'Mengirim bahan berita baru.', 'berita/v/d/4x1', '2023-06-03 08:14:54', NULL, NULL, 81);
INSERT INTO `tbl_notif` VALUES (397, 1, 4, 'Mengirim bahan berita baru.', 'berita/v/d/4x1', '2023-06-03 08:14:54', NULL, NULL, 81);
INSERT INTO `tbl_notif` VALUES (398, 1, 5, 'Mengirim bahan berita baru.', 'berita/v/d/4x1', '2023-06-03 08:14:54', NULL, NULL, 81);
INSERT INTO `tbl_notif` VALUES (399, 1, 6, 'Mengirim bahan berita baru.', 'berita/v/d/4x1', '2023-06-03 08:14:54', NULL, NULL, 81);
INSERT INTO `tbl_notif` VALUES (400, 1, 1, 'Mengirim bahan berita baru.', 'berita/v/d/5yB', '2023-06-03 11:21:00', '1, ', NULL, 82);
INSERT INTO `tbl_notif` VALUES (401, 1, 2, 'Mengirim bahan berita baru.', 'berita/v/d/5yB', '2023-06-03 11:21:00', NULL, NULL, 82);
INSERT INTO `tbl_notif` VALUES (402, 1, 3, 'Mengirim bahan berita baru.', 'berita/v/d/5yB', '2023-06-03 11:21:00', NULL, NULL, 82);
INSERT INTO `tbl_notif` VALUES (403, 1, 4, 'Mengirim bahan berita baru.', 'berita/v/d/5yB', '2023-06-03 11:21:00', NULL, NULL, 82);
INSERT INTO `tbl_notif` VALUES (404, 1, 5, 'Mengirim bahan berita baru.', 'berita/v/d/5yB', '2023-06-03 11:21:00', NULL, NULL, 82);
INSERT INTO `tbl_notif` VALUES (405, 1, 6, 'Mengirim bahan berita baru.', 'berita/v/d/5yB', '2023-06-03 11:21:00', NULL, NULL, 82);
INSERT INTO `tbl_notif` VALUES (406, 1, 1, 'Mengirim bahan berita baru.', 'berita/v/d/68n', '2023-06-03 11:45:58', '1, ', NULL, 83);
INSERT INTO `tbl_notif` VALUES (407, 1, 2, 'Mengirim bahan berita baru.', 'berita/v/d/68n', '2023-06-03 11:45:58', NULL, NULL, 83);
INSERT INTO `tbl_notif` VALUES (408, 1, 3, 'Mengirim bahan berita baru.', 'berita/v/d/68n', '2023-06-03 11:45:58', NULL, NULL, 83);
INSERT INTO `tbl_notif` VALUES (409, 1, 4, 'Mengirim bahan berita baru.', 'berita/v/d/68n', '2023-06-03 11:45:58', NULL, NULL, 83);
INSERT INTO `tbl_notif` VALUES (410, 1, 5, 'Mengirim bahan berita baru.', 'berita/v/d/68n', '2023-06-03 11:45:58', NULL, NULL, 83);
INSERT INTO `tbl_notif` VALUES (411, 1, 6, 'Mengirim bahan berita baru.', 'berita/v/d/68n', '2023-06-03 11:45:58', NULL, NULL, 83);
INSERT INTO `tbl_notif` VALUES (412, 1, 1, 'Mengirim bahan berita baru.', 'berita/v/d/73j', '2023-06-04 08:29:49', '1, ', NULL, 84);
INSERT INTO `tbl_notif` VALUES (413, 1, 2, 'Mengirim bahan berita baru.', 'berita/v/d/73j', '2023-06-04 08:29:49', NULL, NULL, 84);
INSERT INTO `tbl_notif` VALUES (414, 1, 3, 'Mengirim bahan berita baru.', 'berita/v/d/73j', '2023-06-04 08:29:49', NULL, NULL, 84);
INSERT INTO `tbl_notif` VALUES (415, 1, 4, 'Mengirim bahan berita baru.', 'berita/v/d/73j', '2023-06-04 08:29:49', NULL, NULL, 84);
INSERT INTO `tbl_notif` VALUES (416, 1, 5, 'Mengirim bahan berita baru.', 'berita/v/d/73j', '2023-06-04 08:29:49', NULL, NULL, 84);
INSERT INTO `tbl_notif` VALUES (417, 1, 6, 'Mengirim bahan berita baru.', 'berita/v/d/73j', '2023-06-04 08:29:49', NULL, NULL, 84);
INSERT INTO `tbl_notif` VALUES (418, 1, 1, 'Mengirim bahan berita baru.', 'berita/v/d/82m', '2023-06-04 08:32:03', '1, ', NULL, 85);
INSERT INTO `tbl_notif` VALUES (419, 1, 2, 'Mengirim bahan berita baru.', 'berita/v/d/82m', '2023-06-04 08:32:03', NULL, NULL, 85);
INSERT INTO `tbl_notif` VALUES (420, 1, 3, 'Mengirim bahan berita baru.', 'berita/v/d/82m', '2023-06-04 08:32:03', NULL, NULL, 85);
INSERT INTO `tbl_notif` VALUES (421, 1, 4, 'Mengirim bahan berita baru.', 'berita/v/d/82m', '2023-06-04 08:32:03', NULL, NULL, 85);
INSERT INTO `tbl_notif` VALUES (422, 1, 5, 'Mengirim bahan berita baru.', 'berita/v/d/82m', '2023-06-04 08:32:03', NULL, NULL, 85);
INSERT INTO `tbl_notif` VALUES (423, 1, 6, 'Mengirim bahan berita baru.', 'berita/v/d/82m', '2023-06-04 08:32:03', NULL, NULL, 85);
INSERT INTO `tbl_notif` VALUES (424, 1, 1, 'Mengirim bahan berita baru.', 'berita/v/d/9rx', '2023-06-04 16:53:03', '1, ', NULL, 86);
INSERT INTO `tbl_notif` VALUES (425, 1, 2, 'Mengirim bahan berita baru.', 'berita/v/d/9rx', '2023-06-04 16:53:03', NULL, NULL, 86);
INSERT INTO `tbl_notif` VALUES (426, 1, 3, 'Mengirim bahan berita baru.', 'berita/v/d/9rx', '2023-06-04 16:53:03', NULL, NULL, 86);
INSERT INTO `tbl_notif` VALUES (427, 1, 4, 'Mengirim bahan berita baru.', 'berita/v/d/9rx', '2023-06-04 16:53:03', NULL, NULL, 86);
INSERT INTO `tbl_notif` VALUES (428, 1, 5, 'Mengirim bahan berita baru.', 'berita/v/d/9rx', '2023-06-04 16:53:03', NULL, NULL, 86);
INSERT INTO `tbl_notif` VALUES (429, 1, 6, 'Mengirim bahan berita baru.', 'berita/v/d/9rx', '2023-06-04 16:53:03', NULL, NULL, 86);
INSERT INTO `tbl_notif` VALUES (430, 1, 1, 'Mengirim bahan berita baru.', 'berita/v/d/g5Y', '2023-06-05 07:07:41', '1, ', NULL, 88);
INSERT INTO `tbl_notif` VALUES (431, 1, 2, 'Mengirim bahan berita baru.', 'berita/v/d/g5Y', '2023-06-05 07:07:41', NULL, NULL, 88);
INSERT INTO `tbl_notif` VALUES (432, 1, 3, 'Mengirim bahan berita baru.', 'berita/v/d/g5Y', '2023-06-05 07:07:41', NULL, NULL, 88);
INSERT INTO `tbl_notif` VALUES (433, 1, 4, 'Mengirim bahan berita baru.', 'berita/v/d/g5Y', '2023-06-05 07:07:41', NULL, NULL, 88);
INSERT INTO `tbl_notif` VALUES (434, 1, 5, 'Mengirim bahan berita baru.', 'berita/v/d/g5Y', '2023-06-05 07:07:41', NULL, NULL, 88);
INSERT INTO `tbl_notif` VALUES (435, 1, 6, 'Mengirim bahan berita baru.', 'berita/v/d/g5Y', '2023-06-05 07:07:41', NULL, NULL, 88);
INSERT INTO `tbl_notif` VALUES (436, 1, 1, 'Mengirim bahan berita baru.', 'berita/v/d/j2R', '2023-06-06 08:38:56', '1, ', NULL, 89);
INSERT INTO `tbl_notif` VALUES (437, 1, 2, 'Mengirim bahan berita baru.', 'berita/v/d/j2R', '2023-06-06 08:38:56', NULL, NULL, 89);
INSERT INTO `tbl_notif` VALUES (438, 1, 3, 'Mengirim bahan berita baru.', 'berita/v/d/j2R', '2023-06-06 08:38:56', NULL, NULL, 89);
INSERT INTO `tbl_notif` VALUES (439, 1, 4, 'Mengirim bahan berita baru.', 'berita/v/d/j2R', '2023-06-06 08:38:56', NULL, NULL, 89);
INSERT INTO `tbl_notif` VALUES (440, 1, 5, 'Mengirim bahan berita baru.', 'berita/v/d/j2R', '2023-06-06 08:38:56', NULL, NULL, 89);
INSERT INTO `tbl_notif` VALUES (441, 1, 6, 'Mengirim bahan berita baru.', 'berita/v/d/j2R', '2023-06-06 08:38:56', NULL, NULL, 89);
INSERT INTO `tbl_notif` VALUES (442, 1, 1, 'Mengirim bahan berita baru.', 'berita/v/d/k55', '2023-06-06 09:02:44', '1, ', NULL, 90);
INSERT INTO `tbl_notif` VALUES (443, 1, 2, 'Mengirim bahan berita baru.', 'berita/v/d/k55', '2023-06-06 09:02:44', NULL, NULL, 90);
INSERT INTO `tbl_notif` VALUES (444, 1, 3, 'Mengirim bahan berita baru.', 'berita/v/d/k55', '2023-06-06 09:02:44', NULL, NULL, 90);
INSERT INTO `tbl_notif` VALUES (445, 1, 4, 'Mengirim bahan berita baru.', 'berita/v/d/k55', '2023-06-06 09:02:44', NULL, NULL, 90);
INSERT INTO `tbl_notif` VALUES (446, 1, 5, 'Mengirim bahan berita baru.', 'berita/v/d/k55', '2023-06-06 09:02:44', NULL, NULL, 90);
INSERT INTO `tbl_notif` VALUES (447, 1, 6, 'Mengirim bahan berita baru.', 'berita/v/d/k55', '2023-06-06 09:02:44', NULL, NULL, 90);
INSERT INTO `tbl_notif` VALUES (448, 1, 1, 'Mengirim bahan berita baru.', 'berita/v/d/68n', '2023-06-07 11:02:58', '1, ', NULL, 83);
INSERT INTO `tbl_notif` VALUES (449, 1, 2, 'Mengirim bahan berita baru.', 'berita/v/d/68n', '2023-06-07 11:02:58', NULL, NULL, 83);
INSERT INTO `tbl_notif` VALUES (450, 1, 3, 'Mengirim bahan berita baru.', 'berita/v/d/68n', '2023-06-07 11:02:58', NULL, NULL, 83);
INSERT INTO `tbl_notif` VALUES (451, 1, 4, 'Mengirim bahan berita baru.', 'berita/v/d/68n', '2023-06-07 11:02:58', NULL, NULL, 83);
INSERT INTO `tbl_notif` VALUES (452, 1, 5, 'Mengirim bahan berita baru.', 'berita/v/d/68n', '2023-06-07 11:02:58', NULL, NULL, 83);
INSERT INTO `tbl_notif` VALUES (453, 1, 6, 'Mengirim bahan berita baru.', 'berita/v/d/68n', '2023-06-07 11:02:58', NULL, NULL, 83);

-- ----------------------------
-- Table structure for tbl_user
-- ----------------------------
DROP TABLE IF EXISTS `tbl_user`;
CREATE TABLE `tbl_user`  (
  `id_user` int(10) NOT NULL AUTO_INCREMENT,
  `nama_lengkap` varchar(100) CHARACTER SET utf8mb4 COLLATE utf8mb4_general_ci NULL DEFAULT NULL,
  `username` varchar(30) CHARACTER SET utf8mb4 COLLATE utf8mb4_general_ci NULL DEFAULT NULL,
  `password` text CHARACTER SET utf8mb4 COLLATE utf8mb4_general_ci NULL,
  `level` varchar(30) CHARACTER SET utf8mb4 COLLATE utf8mb4_general_ci NULL DEFAULT NULL,
  `id_zona` int(10) NULL DEFAULT NULL,
  PRIMARY KEY (`id_user`) USING BTREE,
  INDEX `id_zona`(`id_zona`) USING BTREE,
  CONSTRAINT `tbl_user_ibfk_1` FOREIGN KEY (`id_zona`) REFERENCES `tbl_zona` (`id_zona`) ON DELETE RESTRICT ON UPDATE CASCADE
) ENGINE = InnoDB AUTO_INCREMENT = 21 CHARACTER SET = utf8mb4 COLLATE = utf8mb4_general_ci ROW_FORMAT = Dynamic;

-- ----------------------------
-- Records of tbl_user
-- ----------------------------
INSERT INTO `tbl_user` VALUES (1, 'Administrator', 'administrator', 'Admin1234', 'superadmin', 0);
INSERT INTO `tbl_user` VALUES (2, 'Pelaksana', 'pelaksana', '1234', 'pelaksana', NULL);
INSERT INTO `tbl_user` VALUES (3, 'Humas', 'humas', '1234', 'humas', NULL);
INSERT INTO `tbl_user` VALUES (8, 'Perancang', 'perancang', '1234', 'perancang', 1);
INSERT INTO `tbl_user` VALUES (9, 'Pemerintah Provinsi NTB', 'pemprov_ntb', '1234', 'pemda', 7);
INSERT INTO `tbl_user` VALUES (10, 'Kasub Perancang', 'kasub_perancang', '1234', 'kasub_perancang', 1);
INSERT INTO `tbl_user` VALUES (11, 'Pemerintah Kota Mataram', 'pemkot_mataram', '1234', 'pemda', 8);
INSERT INTO `tbl_user` VALUES (12, 'Pemerintah Kota Bima', 'pemkot_bima', '1234', 'pemda', 10);
INSERT INTO `tbl_user` VALUES (13, 'Pemerintah Kabupaten Sumbawa Barat', 'pemkab_sumbawa_barat', '1234', 'pemda', 13);
INSERT INTO `tbl_user` VALUES (14, 'Pemerintah Kabupaten Sumbawa', 'pemkab_sumbawa', '1234', 'pemda', 14);
INSERT INTO `tbl_user` VALUES (15, 'Pemerintah Kabupaten Lombok Utara', 'pemkab_lombok_utara', '1234', 'pemda', 17);
INSERT INTO `tbl_user` VALUES (16, 'Pemerintah Kabupaten Lombok Timur', 'pemkab_lombok_timur', '1234', 'pemda', 18);
INSERT INTO `tbl_user` VALUES (17, 'Pemerintah Kabupaten Lombok Tengah', 'pemkab_lombok_tengah', '1234', 'pemda', 19);
INSERT INTO `tbl_user` VALUES (18, 'Pemerintah Kabupaten Lombok Barat', 'pemkab_lombok_barat', '1234', 'pemda', 20);
INSERT INTO `tbl_user` VALUES (19, 'Pemerintah Kabupaten Dompu', 'pemkab_dompu', '1234', 'pemda', 21);
INSERT INTO `tbl_user` VALUES (20, 'Pemerintah Kabupaten Bima', 'pemkab_bima', '1234', 'pemda', 22);

-- ----------------------------
-- Table structure for tbl_zona
-- ----------------------------
DROP TABLE IF EXISTS `tbl_zona`;
CREATE TABLE `tbl_zona`  (
  `id_zona` int(10) NOT NULL AUTO_INCREMENT,
  `nama_zona` text CHARACTER SET utf8mb4 COLLATE utf8mb4_general_ci NULL,
  `tgl_input` datetime(0) NULL DEFAULT NULL,
  `status` enum('belum_diproses','perbaikan','draft_sedang_dibuat','menunggu_koreksi','selesai') CHARACTER SET utf8mb4 COLLATE utf8mb4_general_ci NULL DEFAULT NULL,
  `nama_panjang` text CHARACTER SET utf8mb4 COLLATE utf8mb4_general_ci NULL,
  PRIMARY KEY (`id_zona`) USING BTREE
) ENGINE = InnoDB AUTO_INCREMENT = 64 CHARACTER SET = utf8mb4 COLLATE = utf8mb4_general_ci ROW_FORMAT = Dynamic;

-- ----------------------------
-- Records of tbl_zona
-- ----------------------------
INSERT INTO `tbl_zona` VALUES (0, 'superadmin', '2023-06-07 16:03:35', NULL, 'Superadmin');
INSERT INTO `tbl_zona` VALUES (1, 'kasub_perancang', '2023-06-07 16:03:35', NULL, 'Kasub Perancang');
INSERT INTO `tbl_zona` VALUES (7, 'pemprov_ntb', '2023-05-08 11:25:22', '', 'Pemerintah Provinsi NTB');
INSERT INTO `tbl_zona` VALUES (8, 'pemkot_mataram', '2023-05-08 11:25:22', '', 'Pemerintah Kota Mataram');
INSERT INTO `tbl_zona` VALUES (10, 'pemkot_bima', '2023-05-08 11:25:22', 'menunggu_koreksi', 'Pemerintah Kota Bima');
INSERT INTO `tbl_zona` VALUES (13, 'pemkab_sumbawa_barat', '2023-05-08 11:25:22', 'belum_diproses', 'Pemerintah Kabupaten Sumbawa Barat');
INSERT INTO `tbl_zona` VALUES (14, 'pemkab_sumbawa', '2023-05-08 11:25:22', 'belum_diproses', 'Pemerintah Kabupaten Sumbawa');
INSERT INTO `tbl_zona` VALUES (17, 'pemkab_lombok_utara', '2023-05-08 11:25:22', 'draft_sedang_dibuat', 'Pemerintah Kabupaten Lombok Utara');
INSERT INTO `tbl_zona` VALUES (18, 'pemkab_lombok_timur', '2023-05-08 11:25:22', 'belum_diproses', 'Pemerintah Kabupaten Lombok Timur');
INSERT INTO `tbl_zona` VALUES (19, 'pemkab_lombok_tengah', '2023-05-08 11:25:22', 'draft_sedang_dibuat', 'Pemerintah Kabupaten Lombok Tengah');
INSERT INTO `tbl_zona` VALUES (20, 'pemkab_lombok_barat', '2023-05-08 11:25:22', 'draft_sedang_dibuat', 'Pemerintah Kabupaten Lombok Barat');
INSERT INTO `tbl_zona` VALUES (21, 'pemkab_dompu', '2023-05-08 11:25:22', 'menunggu_koreksi', 'Pemerintah Kabupaten Dompu');
INSERT INTO `tbl_zona` VALUES (22, 'pemkab_bima', '2023-05-08 11:25:22', 'selesai', 'Pemerintah Kabupaten Bima');

SET FOREIGN_KEY_CHECKS = 1;
